IP地址,数据中心,地区,城市,网络延迟
172.67.69.17,HKG,Asia Pacific,Hong Kong,122 ms
104.20.26.43,HKG,Asia Pacific,Hong Kong,126 ms
172.67.75.151,HKG,Asia Pacific,Hong Kong,130 ms
104.20.24.58,HKG,Asia Pacific,Hong Kong,133 ms
172.67.72.108,HKG,Asia Pacific,Hong Kong,133 ms
104.26.11.187,HKG,Asia Pacific,Hong Kong,133 ms
172.67.73.213,HKG,Asia Pacific,Hong Kong,136 ms
172.67.67.38,HKG,Asia Pacific,Hong Kong,138 ms
104.20.31.203,HKG,Asia Pacific,Hong Kong,138 ms
172.67.77.9,HKG,Asia Pacific,Hong Kong,138 ms
104.26.7.18,HKG,Asia Pacific,Hong Kong,139 ms
104.20.21.60,HKG,Asia Pacific,Hong Kong,140 ms
104.20.22.34,HKG,Asia Pacific,Hong Kong,140 ms
104.26.15.95,HKG,Asia Pacific,Hong Kong,143 ms
104.20.19.35,HKG,Asia Pacific,Hong Kong,145 ms
104.20.23.97,HKG,Asia Pacific,Hong Kong,148 ms
104.20.30.228,HKG,Asia Pacific,Hong Kong,148 ms
104.20.29.101,HKG,Asia Pacific,Hong Kong,153 ms
172.67.71.58,HKG,Asia Pacific,Hong Kong,156 ms
104.26.10.182,HKG,Asia Pacific,Hong Kong,156 ms
172.67.68.10,HKG,Asia Pacific,Hong Kong,157 ms
104.20.25.198,HKG,Asia Pacific,Hong Kong,159 ms
172.67.65.184,HKG,Asia Pacific,Hong Kong,161 ms
172.67.78.195,HKG,Asia Pacific,Hong Kong,161 ms
172.67.70.197,HKG,Asia Pacific,Hong Kong,163 ms
104.26.9.23,HKG,Asia Pacific,Hong Kong,165 ms
104.26.5.51,HKG,Asia Pacific,Hong Kong,168 ms
104.20.20.90,HKG,Asia Pacific,Hong Kong,170 ms
162.159.42.68,SEA,North America,Seattle,179 ms
162.159.254.23,LAX,North America,Los Angeles,181 ms
104.20.17.190,HKG,Asia Pacific,Hong Kong,181 ms
162.159.43.97,SEA,North America,Seattle,182 ms
162.159.241.155,LAX,North America,Los Angeles,185 ms
104.17.134.38,SJC,North America,San Jose,186 ms
172.64.81.126,LAX,North America,Los Angeles,186 ms
104.18.14.181,LAX,North America,Los Angeles,186 ms
172.67.121.208,LAX,North America,Los Angeles,187 ms
162.159.251.76,LAX,North America,Los Angeles,189 ms
162.159.247.181,LAX,North America,Los Angeles,189 ms
104.25.110.216,LAX,North America,Los Angeles,192 ms
104.18.60.236,LAX,North America,Los Angeles,192 ms
162.159.10.23,LAX,North America,Los Angeles,192 ms
162.159.160.7,ARN,Europe,Stockholm,193 ms
198.41.223.11,LAX,North America,Los Angeles,193 ms
162.159.133.29,LAX,North America,Los Angeles,194 ms
104.17.184.5,SJC,North America,San Jose,194 ms
104.25.25.220,LAX,North America,Los Angeles,195 ms
162.159.243.138,LAX,North America,Los Angeles,195 ms
162.159.244.179,LAX,North America,Los Angeles,195 ms
104.18.42.202,LAX,North America,Los Angeles,195 ms
104.24.230.81,LAX,North America,Los Angeles,195 ms
172.65.14.233,LAX,North America,Los Angeles,195 ms
172.64.94.96,LAX,North America,Los Angeles,196 ms
104.27.55.180,LAX,North America,Los Angeles,196 ms
104.17.140.56,SJC,North America,San Jose,196 ms
162.159.0.105,LAX,North America,Los Angeles,196 ms
104.17.145.237,SJC,North America,San Jose,196 ms
162.159.8.249,LAX,North America,Los Angeles,197 ms
104.20.52.14,LAX,North America,Los Angeles,197 ms
104.24.164.112,LAX,North America,Los Angeles,197 ms
162.159.40.250,LAX,North America,Los Angeles,197 ms
104.27.112.179,LAX,North America,Los Angeles,197 ms
172.66.2.110,LAX,North America,Los Angeles,197 ms
162.159.140.64,LAX,North America,Los Angeles,198 ms
104.17.155.174,SJC,North America,San Jose,198 ms
162.159.248.87,LAX,North America,Los Angeles,198 ms
104.25.103.50,LAX,North America,Los Angeles,199 ms
172.66.0.164,LAX,North America,Los Angeles,199 ms
162.159.250.104,LAX,North America,Los Angeles,199 ms
104.25.204.42,LAX,North America,Los Angeles,199 ms
162.159.46.194,LAX,North America,Los Angeles,199 ms
162.159.249.98,LAX,North America,Los Angeles,199 ms
104.20.34.39,LAX,North America,Los Angeles,200 ms
172.64.67.150,LAX,North America,Los Angeles,200 ms
162.159.26.198,LAX,North America,Los Angeles,200 ms
172.66.43.80,LAX,North America,Los Angeles,201 ms
162.159.20.237,LAX,North America,Los Angeles,201 ms
104.20.43.92,LAX,North America,Los Angeles,201 ms
172.64.231.176,LAX,North America,Los Angeles,201 ms
162.159.253.77,LAX,North America,Los Angeles,201 ms
104.18.50.76,LAX,North America,Los Angeles,202 ms
104.19.204.71,LAX,North America,Los Angeles,202 ms
108.162.196.185,LAX,North America,Los Angeles,202 ms
104.18.33.236,LAX,North America,Los Angeles,202 ms
104.24.129.173,LAX,North America,Los Angeles,203 ms
198.217.251.217,LAX,North America,Los Angeles,203 ms
198.41.203.87,LAX,North America,Los Angeles,203 ms
172.66.3.220,LAX,North America,Los Angeles,204 ms
104.26.0.97,HKG,Asia Pacific,Hong Kong,204 ms
172.64.156.252,LAX,North America,Los Angeles,204 ms
172.64.52.1,LAX,North America,Los Angeles,204 ms
104.24.139.116,LAX,North America,Los Angeles,204 ms
104.18.58.136,LAX,North America,Los Angeles,204 ms
162.159.137.192,LAX,North America,Los Angeles,205 ms
198.41.201.233,LAX,North America,Los Angeles,205 ms
104.25.75.72,LAX,North America,Los Angeles,205 ms
104.20.40.132,LAX,North America,Los Angeles,205 ms
162.159.14.44,LAX,North America,Los Angeles,205 ms
162.159.236.222,LAX,North America,Los Angeles,205 ms
162.159.246.27,LAX,North America,Los Angeles,205 ms
162.159.245.202,LAX,North America,Los Angeles,205 ms
104.17.160.213,SJC,North America,San Jose,206 ms
104.19.196.18,LAX,North America,Los Angeles,207 ms
172.66.42.94,LAX,North America,Los Angeles,207 ms
198.41.195.151,LAX,North America,Los Angeles,207 ms
198.41.206.60,LAX,North America,Los Angeles,207 ms
172.64.88.237,LAX,North America,Los Angeles,207 ms
198.41.196.10,LAX,North America,Los Angeles,207 ms
172.64.83.158,LAX,North America,Los Angeles,207 ms
104.19.37.250,LAX,North America,Los Angeles,208 ms
162.159.16.193,LAX,North America,Los Angeles,208 ms
104.20.59.6,LAX,North America,Los Angeles,208 ms
104.24.58.227,LAX,North America,Los Angeles,208 ms
141.101.122.164,LAX,North America,Los Angeles,208 ms
185.146.173.71,LAX,North America,Los Angeles,208 ms
104.19.165.27,SJC,North America,San Jose,208 ms
172.64.69.36,LAX,North America,Los Angeles,208 ms
198.41.199.217,LAX,North America,Los Angeles,209 ms
162.159.252.207,LAX,North America,Los Angeles,209 ms
162.159.130.165,LAX,North America,Los Angeles,209 ms
104.19.57.48,LAX,North America,Los Angeles,209 ms
162.159.35.252,SEA,North America,Seattle,210 ms
162.159.34.172,SEA,North America,Seattle,210 ms
173.245.49.181,LAX,North America,Los Angeles,210 ms
172.64.86.206,LAX,North America,Los Angeles,210 ms
162.159.1.25,LAX,North America,Los Angeles,210 ms
104.18.52.6,LAX,North America,Los Angeles,211 ms
141.101.123.127,LAX,North America,Los Angeles,211 ms
104.17.162.112,SJC,North America,San Jose,211 ms
172.66.40.160,LAX,North America,Los Angeles,211 ms
104.17.203.174,SJC,North America,San Jose,211 ms
104.18.38.95,LAX,North America,Los Angeles,211 ms
172.65.222.25,FRA,Europe,Frankfurt,211 ms
172.66.46.24,LAX,North America,Los Angeles,212 ms
162.159.18.48,LAX,North America,Los Angeles,212 ms
104.20.0.220,LAX,North America,Los Angeles,212 ms
141.101.121.102,LAX,North America,Los Angeles,212 ms
141.101.120.146,LAX,North America,Los Angeles,212 ms
162.159.39.122,LAX,North America,Los Angeles,213 ms
104.25.165.74,LAX,North America,Los Angeles,213 ms
104.25.38.196,LAX,North America,Los Angeles,213 ms
104.18.47.105,LAX,North America,Los Angeles,213 ms
198.41.207.55,LAX,North America,Los Angeles,213 ms
198.41.216.160,LAX,North America,Los Angeles,213 ms
104.25.149.115,LAX,North America,Los Angeles,213 ms
104.18.20.152,LAX,North America,Los Angeles,213 ms
104.24.7.47,LAX,North America,Los Angeles,214 ms
104.17.180.183,SJC,North America,San Jose,214 ms
104.17.148.58,SJC,North America,San Jose,215 ms
162.159.138.240,LAX,North America,Los Angeles,215 ms
104.27.105.28,LAX,North America,Los Angeles,215 ms
104.24.240.163,LAX,North America,Los Angeles,215 ms
162.159.242.147,LAX,North America,Los Angeles,215 ms
162.159.240.79,LAX,North America,Los Angeles,215 ms
104.25.185.106,LAX,North America,Los Angeles,215 ms
162.159.136.137,LAX,North America,Los Angeles,216 ms
162.159.128.121,LAX,North America,Los Angeles,216 ms
108.162.192.234,LAX,North America,Los Angeles,216 ms
162.159.62.171,LAX,North America,Los Angeles,216 ms
104.19.194.82,LAX,North America,Los Angeles,216 ms
162.159.27.169,LAX,North America,Los Angeles,216 ms
104.18.7.94,LAX,North America,Los Angeles,216 ms
104.27.83.207,LAX,North America,Los Angeles,216 ms
108.162.193.140,LAX,North America,Los Angeles,217 ms
104.19.58.233,LAX,North America,Los Angeles,217 ms
104.25.8.241,LAX,North America,Los Angeles,217 ms
162.159.38.93,LAX,North America,Los Angeles,217 ms
198.41.215.115,LAX,North America,Los Angeles,217 ms
104.25.100.18,LAX,North America,Los Angeles,218 ms
104.23.110.4,LAX,North America,Los Angeles,219 ms
162.159.22.106,LAX,North America,Los Angeles,219 ms
104.25.70.209,LAX,North America,Los Angeles,219 ms
104.19.31.134,LAX,North America,Los Angeles,219 ms
162.159.255.3,LAX,North America,Los Angeles,219 ms
104.24.184.254,LAX,North America,Los Angeles,220 ms
162.159.41.51,LAX,North America,Los Angeles,220 ms
104.18.18.98,LAX,North America,Los Angeles,220 ms
162.159.153.154,LAX,North America,Los Angeles,220 ms
104.19.42.71,LAX,North America,Los Angeles,220 ms
104.19.200.133,LAX,North America,Los Angeles,221 ms
104.17.158.156,SJC,North America,San Jose,221 ms
172.64.153.102,LAX,North America,Los Angeles,221 ms
104.18.23.44,LAX,North America,Los Angeles,221 ms
198.41.194.107,LAX,North America,Los Angeles,221 ms
104.19.104.162,LAX,North America,Los Angeles,222 ms
104.25.184.122,LAX,North America,Los Angeles,222 ms
104.25.28.55,LAX,North America,Los Angeles,222 ms
198.41.217.167,LAX,North America,Los Angeles,222 ms
104.18.31.120,LAX,North America,Los Angeles,222 ms
172.66.47.20,LAX,North America,Los Angeles,222 ms
104.18.45.86,LAX,North America,Los Angeles,223 ms
104.19.20.138,LAX,North America,Los Angeles,223 ms
104.17.138.87,SJC,North America,San Jose,224 ms
104.25.224.95,LAX,North America,Los Angeles,224 ms
104.25.177.142,LAX,North America,Los Angeles,224 ms
104.24.140.10,LAX,North America,Los Angeles,224 ms
172.64.90.248,LAX,North America,Los Angeles,225 ms
198.41.198.108,LAX,North America,Los Angeles,225 ms
162.159.48.156,LAX,North America,Los Angeles,225 ms
104.19.195.47,LAX,North America,Los Angeles,225 ms
104.25.113.173,LAX,North America,Los Angeles,226 ms
104.17.196.190,SJC,North America,San Jose,227 ms
103.21.244.224,LAX,North America,Los Angeles,227 ms
104.18.10.240,LAX,North America,Los Angeles,227 ms
172.64.35.114,LAX,North America,Los Angeles,227 ms
104.17.142.76,SJC,North America,San Jose,227 ms
104.17.117.77,SJC,North America,San Jose,227 ms
172.64.48.224,LAX,North America,Los Angeles,228 ms
104.18.16.11,LAX,North America,Los Angeles,228 ms
172.64.151.226,LAX,North America,Los Angeles,228 ms
172.64.150.244,LAX,North America,Los Angeles,228 ms
104.25.207.77,LAX,North America,Los Angeles,229 ms
162.159.6.103,LAX,North America,Los Angeles,229 ms
162.159.142.168,LAX,North America,Los Angeles,229 ms
104.19.60.169,LAX,North America,Los Angeles,230 ms
104.19.206.193,LAX,North America,Los Angeles,230 ms
104.18.1.76,LAX,North America,Los Angeles,230 ms
104.19.201.82,LAX,North America,Los Angeles,232 ms
8.35.211.59,LAX,North America,Los Angeles,232 ms
162.159.129.100,LAX,North America,Los Angeles,232 ms
162.159.2.155,LAX,North America,Los Angeles,232 ms
104.17.191.6,SJC,North America,San Jose,232 ms
172.64.228.2,ARN,Europe,Stockholm,234 ms
104.18.0.212,LAX,North America,Los Angeles,234 ms
23.227.38.160,LAX,North America,Los Angeles,235 ms
8.47.69.203,LAX,North America,Los Angeles,235 ms
104.19.122.23,LAX,North America,Los Angeles,236 ms
172.64.154.132,LAX,North America,Los Angeles,237 ms
172.64.147.158,LAX,North America,Los Angeles,238 ms
8.39.125.132,LAX,North America,Los Angeles,238 ms
104.24.63.48,LAX,North America,Los Angeles,240 ms
104.18.27.235,LAX,North America,Los Angeles,241 ms
104.17.123.158,SJC,North America,San Jose,241 ms
172.64.157.67,LAX,North America,Los Angeles,242 ms
162.159.11.67,LAX,North America,Los Angeles,243 ms
104.17.121.214,SJC,North America,San Jose,243 ms
162.159.49.86,LAX,North America,Los Angeles,245 ms
104.25.4.173,LAX,North America,Los Angeles,245 ms
162.159.44.188,LAX,North America,Los Angeles,246 ms
172.64.50.51,LAX,North America,Los Angeles,246 ms
104.18.11.187,LAX,North America,Los Angeles,248 ms
104.18.30.11,LAX,North America,Los Angeles,248 ms
104.17.194.190,SJC,North America,San Jose,250 ms
104.17.174.19,SJC,North America,San Jose,250 ms
104.17.43.251,SJC,North America,San Jose,251 ms
104.18.220.85,SJC,North America,San Jose,251 ms
162.159.36.57,LAX,North America,Los Angeles,252 ms
104.16.235.110,SJC,North America,San Jose,252 ms
172.64.176.24,LAX,North America,Los Angeles,252 ms
108.162.195.41,LAX,North America,Los Angeles,253 ms
104.18.8.236,LAX,North America,Los Angeles,253 ms
104.21.235.236,SJC,North America,San Jose,253 ms
172.64.145.80,LAX,North America,Los Angeles,253 ms
104.18.248.36,SJC,North America,San Jose,253 ms
104.18.177.111,SJC,North America,San Jose,254 ms
104.16.37.255,SJC,North America,San Jose,254 ms
104.18.148.244,SJC,North America,San Jose,254 ms
104.19.177.53,SJC,North America,San Jose,254 ms
104.18.12.48,LAX,North America,Los Angeles,254 ms
104.16.135.80,SJC,North America,San Jose,255 ms
104.19.155.203,SJC,North America,San Jose,255 ms
104.17.151.216,SJC,North America,San Jose,255 ms
172.64.85.54,LAX,North America,Los Angeles,255 ms
104.19.222.71,SJC,North America,San Jose,256 ms
104.17.107.84,SJC,North America,San Jose,256 ms
104.17.236.223,SJC,North America,San Jose,257 ms
104.19.162.198,SJC,North America,San Jose,257 ms
172.64.40.244,LAX,North America,Los Angeles,257 ms
104.18.223.105,SJC,North America,San Jose,257 ms
172.64.38.204,LAX,North America,Los Angeles,257 ms
104.18.67.101,SJC,North America,San Jose,257 ms
104.21.236.70,SJC,North America,San Jose,258 ms
104.18.88.213,SJC,North America,San Jose,258 ms
104.16.15.202,SJC,North America,San Jose,258 ms
104.17.82.20,SJC,North America,San Jose,258 ms
104.20.3.194,LAX,North America,Los Angeles,258 ms
104.18.171.43,SJC,North America,San Jose,258 ms
104.17.97.187,SJC,North America,San Jose,259 ms
104.19.173.9,SJC,North America,San Jose,259 ms
104.18.160.32,SJC,North America,San Jose,259 ms
104.18.167.46,SJC,North America,San Jose,259 ms
104.16.183.137,SJC,North America,San Jose,259 ms
104.17.30.104,SJC,North America,San Jose,259 ms
104.17.223.182,SJC,North America,San Jose,259 ms
104.16.19.196,SJC,North America,San Jose,260 ms
104.16.35.113,SJC,North America,San Jose,260 ms
104.16.53.32,SJC,North America,San Jose,260 ms
104.19.255.230,SJC,North America,San Jose,260 ms
104.19.231.80,SJC,North America,San Jose,260 ms
104.18.2.113,LAX,North America,Los Angeles,260 ms
104.21.229.170,SJC,North America,San Jose,260 ms
108.162.198.223,SJC,North America,San Jose,261 ms
104.17.8.102,SJC,North America,San Jose,261 ms
104.19.151.206,SJC,North America,San Jose,261 ms
162.251.82.149,LAX,North America,Los Angeles,261 ms
104.16.180.194,SJC,North America,San Jose,261 ms
104.16.242.151,SJC,North America,San Jose,261 ms
104.16.188.62,SJC,North America,San Jose,262 ms
104.17.66.215,SJC,North America,San Jose,262 ms
104.17.75.157,SJC,North America,San Jose,262 ms
104.17.118.246,SJC,North America,San Jose,262 ms
104.16.36.254,SJC,North America,San Jose,262 ms
104.16.208.138,SJC,North America,San Jose,262 ms
104.18.46.42,LAX,North America,Los Angeles,262 ms
104.17.183.132,SJC,North America,San Jose,262 ms
104.21.227.108,SJC,North America,San Jose,262 ms
23.227.60.113,LAX,North America,Los Angeles,262 ms
104.17.126.135,SJC,North America,San Jose,262 ms
172.64.78.23,CMH,North America,Columbus,263 ms
104.18.234.102,SJC,North America,San Jose,263 ms
104.19.237.162,SJC,North America,San Jose,263 ms
104.18.197.165,SJC,North America,San Jose,263 ms
104.16.22.4,SJC,North America,San Jose,263 ms
104.16.26.244,SJC,North America,San Jose,263 ms
104.17.103.240,SJC,North America,San Jose,263 ms
162.159.7.135,LAX,North America,Los Angeles,263 ms
104.18.241.42,SJC,North America,San Jose,263 ms
104.17.246.81,SJC,North America,San Jose,263 ms
104.17.228.45,SJC,North America,San Jose,263 ms
104.17.229.55,SJC,North America,San Jose,263 ms
104.19.239.102,SJC,North America,San Jose,263 ms
104.17.112.88,SJC,North America,San Jose,263 ms
104.16.231.48,SJC,North America,San Jose,263 ms
104.16.172.118,SJC,North America,San Jose,264 ms
104.18.162.115,SJC,North America,San Jose,264 ms
104.16.167.36,SJC,North America,San Jose,264 ms
104.16.223.30,SJC,North America,San Jose,264 ms
104.18.73.49,SJC,North America,San Jose,264 ms
104.17.192.135,SJC,North America,San Jose,264 ms
104.17.79.197,SJC,North America,San Jose,264 ms
104.18.200.119,SJC,North America,San Jose,264 ms
104.17.244.227,SJC,North America,San Jose,264 ms
104.18.202.138,SJC,North America,San Jose,264 ms
104.18.86.181,SJC,North America,San Jose,264 ms
198.41.209.206,SJC,North America,San Jose,264 ms
104.19.245.239,SJC,North America,San Jose,265 ms
104.17.64.144,SJC,North America,San Jose,265 ms
104.16.40.247,SJC,North America,San Jose,265 ms
104.19.182.255,SJC,North America,San Jose,265 ms
104.17.201.110,SJC,North America,San Jose,265 ms
104.18.247.127,SJC,North America,San Jose,265 ms
104.19.236.83,SJC,North America,San Jose,265 ms
104.18.113.84,SJC,North America,San Jose,266 ms
104.16.184.5,SJC,North America,San Jose,266 ms
104.18.153.232,SJC,North America,San Jose,266 ms
172.64.87.5,LAX,North America,Los Angeles,266 ms
104.16.23.134,SJC,North America,San Jose,266 ms
104.16.252.254,SJC,North America,San Jose,266 ms
104.17.96.102,SJC,North America,San Jose,266 ms
104.18.145.27,SJC,North America,San Jose,266 ms
104.18.185.70,SJC,North America,San Jose,266 ms
104.21.224.65,SJC,North America,San Jose,266 ms
104.17.17.185,SJC,North America,San Jose,266 ms
104.21.228.49,SJC,North America,San Jose,267 ms
104.19.157.69,SJC,North America,San Jose,267 ms
104.17.63.79,SJC,North America,San Jose,267 ms
104.18.226.64,SJC,North America,San Jose,267 ms
104.17.238.248,SJC,North America,San Jose,267 ms
104.17.239.242,SJC,North America,San Jose,267 ms
104.17.53.73,SJC,North America,San Jose,267 ms
104.18.128.67,SJC,North America,San Jose,267 ms
104.18.199.81,SJC,North America,San Jose,267 ms
104.18.253.236,SJC,North America,San Jose,267 ms
104.16.28.235,SJC,North America,San Jose,267 ms
104.16.185.224,SJC,North America,San Jose,268 ms
104.16.217.13,SJC,North America,San Jose,268 ms
104.16.255.79,SJC,North America,San Jose,268 ms
104.16.38.61,SJC,North America,San Jose,268 ms
104.16.34.222,SJC,North America,San Jose,268 ms
104.16.213.15,SJC,North America,San Jose,268 ms
104.18.29.129,LAX,North America,Los Angeles,268 ms
104.17.190.217,SJC,North America,San Jose,268 ms
104.18.118.149,SJC,North America,San Jose,268 ms
104.16.151.90,SJC,North America,San Jose,268 ms
104.18.252.190,SJC,North America,San Jose,268 ms
104.18.191.80,SJC,North America,San Jose,269 ms
104.18.227.75,SJC,North America,San Jose,269 ms
104.17.101.15,SJC,North America,San Jose,269 ms
104.17.40.185,SJC,North America,San Jose,269 ms
104.19.152.64,SJC,North America,San Jose,269 ms
104.16.137.198,SJC,North America,San Jose,269 ms
198.41.218.198,LAX,North America,Los Angeles,269 ms
104.18.87.190,SJC,North America,San Jose,269 ms
104.17.195.236,SJC,North America,San Jose,270 ms
104.16.18.237,SJC,North America,San Jose,270 ms
104.17.35.117,SJC,North America,San Jose,270 ms
104.17.204.0,SJC,North America,San Jose,270 ms
104.16.46.63,SJC,North America,San Jose,270 ms
104.18.140.151,SJC,North America,San Jose,270 ms
104.17.189.249,SJC,North America,San Jose,270 ms
104.27.81.29,LAX,North America,Los Angeles,270 ms
198.41.219.68,SJC,North America,San Jose,270 ms
104.16.178.102,SJC,North America,San Jose,270 ms
104.17.18.96,SJC,North America,San Jose,270 ms
104.21.232.183,SJC,North America,San Jose,270 ms
104.19.180.212,SJC,North America,San Jose,270 ms
104.17.206.167,SJC,North America,San Jose,270 ms
104.16.179.21,SJC,North America,San Jose,271 ms
104.16.250.167,SJC,North America,San Jose,271 ms
104.16.254.150,SJC,North America,San Jose,271 ms
104.16.238.162,SJC,North America,San Jose,271 ms
104.17.2.231,SJC,North America,San Jose,271 ms
104.17.114.76,SJC,North America,San Jose,271 ms
104.17.178.215,SJC,North America,San Jose,271 ms
104.17.181.227,SJC,North America,San Jose,271 ms
104.17.39.25,SJC,North America,San Jose,271 ms
104.16.240.104,SJC,North America,San Jose,271 ms
104.17.172.251,SJC,North America,San Jose,272 ms
104.16.237.128,SJC,North America,San Jose,272 ms
104.18.242.9,SJC,North America,San Jose,272 ms
104.16.121.192,SJC,North America,San Jose,272 ms
104.16.138.97,SJC,North America,San Jose,272 ms
104.18.3.51,LAX,North America,Los Angeles,272 ms
104.18.193.90,SJC,North America,San Jose,272 ms
198.41.204.238,LAX,North America,Los Angeles,273 ms
104.16.243.23,SJC,North America,San Jose,273 ms
104.16.244.55,SJC,North America,San Jose,273 ms
104.16.241.205,SJC,North America,San Jose,273 ms
104.16.177.156,SJC,North America,San Jose,273 ms
104.16.49.67,SJC,North America,San Jose,273 ms
104.18.187.245,SJC,North America,San Jose,273 ms
104.19.153.192,SJC,North America,San Jose,274 ms
104.17.41.106,SJC,North America,San Jose,274 ms
104.18.195.152,SJC,North America,San Jose,274 ms
104.18.196.39,SJC,North America,San Jose,274 ms
104.17.23.62,SJC,North America,San Jose,274 ms
104.17.49.147,SJC,North America,San Jose,274 ms
104.19.189.226,SJC,North America,San Jose,274 ms
104.17.27.212,SJC,North America,San Jose,274 ms
104.17.227.205,SJC,North America,San Jose,274 ms
104.18.231.13,SJC,North America,San Jose,274 ms
104.18.93.231,SJC,North America,San Jose,274 ms
162.159.134.93,LAX,North America,Los Angeles,274 ms
104.16.33.36,SJC,North America,San Jose,274 ms
104.16.162.156,SJC,North America,San Jose,275 ms
104.17.15.18,SJC,North America,San Jose,275 ms
104.16.70.239,SJC,North America,San Jose,275 ms
104.19.147.14,SJC,North America,San Jose,275 ms
104.17.67.170,SJC,North America,San Jose,275 ms
104.19.150.178,SJC,North America,San Jose,276 ms
104.17.26.205,SJC,North America,San Jose,276 ms
104.18.133.181,SJC,North America,San Jose,276 ms
104.16.222.183,SJC,North America,San Jose,276 ms
104.18.229.252,SJC,North America,San Jose,276 ms
104.18.228.130,SJC,North America,San Jose,276 ms
104.17.197.45,SJC,North America,San Jose,276 ms
104.19.159.102,SJC,North America,San Jose,276 ms
104.16.214.42,SJC,North America,San Jose,276 ms
104.18.100.114,SJC,North America,San Jose,277 ms
104.18.146.176,SJC,North America,San Jose,277 ms
104.17.50.206,SJC,North America,San Jose,277 ms
104.17.234.85,SJC,North America,San Jose,277 ms
104.16.164.19,SJC,North America,San Jose,277 ms
104.19.166.57,SJC,North America,San Jose,277 ms
104.19.232.247,SJC,North America,San Jose,277 ms
104.18.182.153,SJC,North America,San Jose,277 ms
162.159.32.96,LAX,North America,Los Angeles,278 ms
104.17.11.60,SJC,North America,San Jose,278 ms
104.16.113.196,SJC,North America,San Jose,278 ms
104.18.122.72,SJC,North America,San Jose,278 ms
104.17.25.181,SJC,North America,San Jose,278 ms
104.16.60.136,SJC,North America,San Jose,278 ms
104.17.116.120,SJC,North America,San Jose,278 ms
104.18.181.141,SJC,North America,San Jose,278 ms
104.18.139.182,SJC,North America,San Jose,278 ms
104.16.39.170,SJC,North America,San Jose,278 ms
104.16.44.160,SJC,North America,San Jose,278 ms
104.17.60.34,SJC,North America,San Jose,278 ms
104.16.51.18,SJC,North America,San Jose,278 ms
104.16.76.170,SJC,North America,San Jose,278 ms
104.18.213.102,SJC,North America,San Jose,279 ms
104.19.242.244,SJC,North America,San Jose,279 ms
104.18.204.84,SJC,North America,San Jose,279 ms
162.159.3.155,LAX,North America,Los Angeles,279 ms
104.16.14.2,SJC,North America,San Jose,279 ms
104.18.198.182,SJC,North America,San Jose,279 ms
104.17.36.128,SJC,North America,San Jose,279 ms
104.18.236.252,SJC,North America,San Jose,279 ms
104.16.175.52,SJC,North America,San Jose,279 ms
104.18.82.236,SJC,North America,San Jose,279 ms
104.19.217.141,SJC,North America,San Jose,279 ms
104.17.209.53,SJC,North America,San Jose,280 ms
104.19.185.53,SJC,North America,San Jose,280 ms
104.18.250.139,SJC,North America,San Jose,280 ms
104.18.169.48,SJC,North America,San Jose,280 ms
104.17.149.225,SJC,North America,San Jose,280 ms
104.17.31.234,SJC,North America,San Jose,280 ms
104.17.226.86,SJC,North America,San Jose,280 ms
104.19.181.148,SJC,North America,San Jose,280 ms
104.18.255.70,SJC,North America,San Jose,280 ms
104.16.251.121,SJC,North America,San Jose,281 ms
104.17.10.21,SJC,North America,San Jose,281 ms
104.18.107.165,SJC,North America,San Jose,281 ms
104.16.132.14,SJC,North America,San Jose,281 ms
104.21.238.199,SJC,North America,San Jose,281 ms
104.17.58.22,SJC,North America,San Jose,281 ms
104.16.133.20,SJC,North America,San Jose,281 ms
104.17.110.188,SJC,North America,San Jose,281 ms
104.17.179.128,SJC,North America,San Jose,281 ms
104.19.229.191,SJC,North America,San Jose,281 ms
104.17.225.0,SJC,North America,San Jose,281 ms
104.18.124.69,SJC,North America,San Jose,281 ms
104.17.89.234,SJC,North America,San Jose,282 ms
104.21.239.115,SJC,North America,San Jose,282 ms
104.16.58.90,SJC,North America,San Jose,282 ms
104.19.252.201,SJC,North America,San Jose,282 ms
104.18.127.152,SJC,North America,San Jose,282 ms
104.16.203.183,SJC,North America,San Jose,282 ms
104.17.13.138,SJC,North America,San Jose,282 ms
104.18.64.123,SJC,North America,San Jose,282 ms
104.16.202.180,SJC,North America,San Jose,282 ms
104.17.24.185,SJC,North America,San Jose,282 ms
162.159.24.148,LAX,North America,Los Angeles,282 ms
104.17.171.86,SJC,North America,San Jose,282 ms
104.16.116.223,SJC,North America,San Jose,282 ms
104.16.141.139,SJC,North America,San Jose,283 ms
104.18.152.147,SJC,North America,San Jose,283 ms
104.16.62.84,SJC,North America,San Jose,283 ms
104.16.228.97,SJC,North America,San Jose,283 ms
104.16.139.210,SJC,North America,San Jose,283 ms
104.16.123.32,SJC,North America,San Jose,283 ms
104.19.219.89,SJC,North America,San Jose,283 ms
104.19.75.18,LAX,North America,Los Angeles,283 ms
104.18.141.15,SJC,North America,San Jose,283 ms
104.17.5.96,SJC,North America,San Jose,283 ms
104.18.217.116,SJC,North America,San Jose,283 ms
104.16.25.188,SJC,North America,San Jose,283 ms
104.17.243.38,SJC,North America,San Jose,283 ms
104.16.114.185,SJC,North America,San Jose,283 ms
104.16.65.164,SJC,North America,San Jose,284 ms
172.64.33.251,LAX,North America,Los Angeles,284 ms
104.18.186.89,SJC,North America,San Jose,284 ms
104.17.0.199,SJC,North America,San Jose,284 ms
104.16.61.134,SJC,North America,San Jose,284 ms
104.17.217.147,SJC,North America,San Jose,284 ms
104.18.74.29,SJC,North America,San Jose,284 ms
104.19.213.30,SJC,North America,San Jose,284 ms
104.16.21.119,SJC,North America,San Jose,285 ms
104.16.199.160,SJC,North America,San Jose,285 ms
104.19.254.226,SJC,North America,San Jose,285 ms
104.18.28.113,LAX,North America,Los Angeles,285 ms
104.18.218.142,SJC,North America,San Jose,285 ms
104.19.216.40,SJC,North America,San Jose,285 ms
104.16.219.254,SJC,North America,San Jose,285 ms
104.16.187.91,SJC,North America,San Jose,285 ms
104.18.180.54,SJC,North America,San Jose,285 ms
104.21.234.190,SJC,North America,San Jose,285 ms
104.16.30.127,SJC,North America,San Jose,285 ms
104.16.230.115,SJC,North America,San Jose,285 ms
104.19.178.181,SJC,North America,San Jose,285 ms
190.93.247.101,SJC,North America,San Jose,285 ms
104.18.111.152,SJC,North America,San Jose,285 ms
104.18.104.85,SJC,North America,San Jose,285 ms
104.19.247.188,SJC,North America,San Jose,285 ms
104.16.120.94,SJC,North America,San Jose,286 ms
104.18.230.89,SJC,North America,San Jose,286 ms
104.24.210.168,LAX,North America,Los Angeles,286 ms
104.19.243.122,SJC,North America,San Jose,286 ms
104.16.143.32,SJC,North America,San Jose,286 ms
104.19.158.95,SJC,North America,San Jose,286 ms
104.17.29.11,SJC,North America,San Jose,286 ms
104.18.115.11,SJC,North America,San Jose,286 ms
104.16.192.209,SJC,North America,San Jose,286 ms
104.19.175.134,SJC,North America,San Jose,286 ms
104.19.250.249,SJC,North America,San Jose,286 ms
104.17.249.222,SJC,North America,San Jose,286 ms
104.18.77.58,SJC,North America,San Jose,287 ms
104.19.198.125,LAX,North America,Los Angeles,287 ms
104.18.106.9,SJC,North America,San Jose,287 ms
104.17.127.206,SJC,North America,San Jose,287 ms
104.16.24.102,SJC,North America,San Jose,287 ms
104.16.32.219,SJC,North America,San Jose,287 ms
104.16.210.178,SJC,North America,San Jose,287 ms
104.18.161.199,SJC,North America,San Jose,287 ms
104.18.239.12,SJC,North America,San Jose,287 ms
104.18.246.145,SJC,North America,San Jose,287 ms
104.17.233.70,SJC,North America,San Jose,287 ms
104.17.231.104,SJC,North America,San Jose,287 ms
104.19.161.233,SJC,North America,San Jose,287 ms
104.18.240.210,SJC,North America,San Jose,287 ms
104.17.109.81,SJC,North America,San Jose,287 ms
104.19.163.72,SJC,North America,San Jose,287 ms
104.16.115.195,SJC,North America,San Jose,287 ms
104.19.211.188,SJC,North America,San Jose,287 ms
104.17.42.224,SJC,North America,San Jose,287 ms
104.18.184.75,SJC,North America,San Jose,287 ms
104.18.183.79,SJC,North America,San Jose,287 ms
104.16.246.38,SJC,North America,San Jose,288 ms
104.16.149.247,SJC,North America,San Jose,288 ms
104.16.168.206,SJC,North America,San Jose,288 ms
104.17.3.190,SJC,North America,San Jose,288 ms
188.114.96.129,SJC,North America,San Jose,288 ms
104.18.201.222,SJC,North America,San Jose,288 ms
190.93.246.211,SJC,North America,San Jose,288 ms
104.18.243.179,SJC,North America,San Jose,288 ms
104.18.84.183,SJC,North America,San Jose,288 ms
104.18.132.12,SJC,North America,San Jose,288 ms
104.17.59.207,SJC,North America,San Jose,288 ms
104.16.10.241,SJC,North America,San Jose,288 ms
104.16.52.87,SJC,North America,San Jose,288 ms
104.18.76.204,SJC,North America,San Jose,288 ms
104.16.74.206,SJC,North America,San Jose,288 ms
104.16.71.132,SJC,North America,San Jose,288 ms
104.16.67.133,SJC,North America,San Jose,288 ms
104.16.73.155,SJC,North America,San Jose,288 ms
104.18.65.148,SJC,North America,San Jose,288 ms
104.18.41.235,LAX,North America,Los Angeles,288 ms
104.17.141.40,SJC,North America,San Jose,289 ms
104.18.94.20,SJC,North America,San Jose,289 ms
104.18.245.95,SJC,North America,San Jose,289 ms
104.16.227.95,SJC,North America,San Jose,289 ms
104.16.3.106,SJC,North America,San Jose,289 ms
104.17.34.32,SJC,North America,San Jose,289 ms
104.19.184.25,SJC,North America,San Jose,289 ms
104.17.252.114,SJC,North America,San Jose,289 ms
104.17.253.15,SJC,North America,San Jose,289 ms
104.17.87.213,SJC,North America,San Jose,289 ms
162.159.141.106,LAX,North America,Los Angeles,289 ms
104.17.99.227,SJC,North America,San Jose,289 ms
104.19.156.5,SJC,North America,San Jose,289 ms
104.17.113.94,SJC,North America,San Jose,289 ms
104.17.38.43,SJC,North America,San Jose,290 ms
104.17.202.227,SJC,North America,San Jose,290 ms
104.19.230.230,SJC,North America,San Jose,290 ms
104.16.218.236,SJC,North America,San Jose,290 ms
104.17.105.54,SJC,North America,San Jose,290 ms
104.16.186.252,SJC,North America,San Jose,290 ms
104.19.223.114,SJC,North America,San Jose,290 ms
104.16.119.149,SJC,North America,San Jose,290 ms
104.17.88.82,SJC,North America,San Jose,290 ms
104.17.188.106,SJC,North America,San Jose,290 ms
104.31.16.198,LAX,North America,Los Angeles,290 ms
104.18.212.153,SJC,North America,San Jose,290 ms
104.18.83.73,SJC,North America,San Jose,290 ms
104.16.20.78,SJC,North America,San Jose,290 ms
104.21.231.54,SJC,North America,San Jose,290 ms
104.21.233.146,SJC,North America,San Jose,290 ms
104.18.101.191,SJC,North America,San Jose,290 ms
104.17.205.132,SJC,North America,San Jose,290 ms
104.18.89.202,SJC,North America,San Jose,291 ms
104.17.131.211,SJC,North America,San Jose,291 ms
172.64.89.59,LAX,North America,Los Angeles,291 ms
104.16.17.57,SJC,North America,San Jose,291 ms
104.18.130.208,SJC,North America,San Jose,291 ms
104.19.249.129,SJC,North America,San Jose,291 ms
104.18.96.104,SJC,North America,San Jose,291 ms
104.17.139.177,SJC,North America,San Jose,291 ms
104.19.238.247,SJC,North America,San Jose,291 ms
104.17.104.6,SJC,North America,San Jose,291 ms
104.19.167.75,SJC,North America,San Jose,291 ms
104.19.183.185,SJC,North America,San Jose,291 ms
104.16.200.4,SJC,North America,San Jose,291 ms
104.16.161.243,SJC,North America,San Jose,291 ms
104.16.160.77,SJC,North America,San Jose,291 ms
104.16.232.254,SJC,North America,San Jose,292 ms
104.17.193.70,SJC,North America,San Jose,292 ms
104.18.216.0,SJC,North America,San Jose,292 ms
104.19.210.103,SJC,North America,San Jose,292 ms
104.17.242.99,SJC,North America,San Jose,292 ms
104.19.160.25,SJC,North America,San Jose,292 ms
104.16.85.83,SJC,North America,San Jose,292 ms
104.16.56.54,SJC,North America,San Jose,292 ms
104.17.86.54,SJC,North America,San Jose,292 ms
104.17.124.207,SJC,North America,San Jose,292 ms
104.17.37.199,SJC,North America,San Jose,292 ms
104.16.212.6,SJC,North America,San Jose,292 ms
104.17.47.191,SJC,North America,San Jose,292 ms
162.159.12.231,LAX,North America,Los Angeles,292 ms
104.18.95.116,SJC,North America,San Jose,292 ms
104.19.240.87,SJC,North America,San Jose,293 ms
104.17.168.219,SJC,North America,San Jose,293 ms
104.16.225.156,SJC,North America,San Jose,293 ms
104.16.221.27,SJC,North America,San Jose,293 ms
104.18.224.58,SJC,North America,San Jose,293 ms
104.16.1.163,SJC,North America,San Jose,293 ms
104.18.249.241,SJC,North America,San Jose,293 ms
104.19.174.81,SJC,North America,San Jose,293 ms
104.17.56.214,SJC,North America,San Jose,293 ms
104.16.63.215,SJC,North America,San Jose,294 ms
104.16.7.134,SJC,North America,San Jose,294 ms
104.16.233.216,SJC,North America,San Jose,294 ms
104.17.57.81,SJC,North America,San Jose,294 ms
104.18.90.209,SJC,North America,San Jose,294 ms
104.16.209.49,SJC,North America,San Jose,294 ms
104.16.48.113,SJC,North America,San Jose,294 ms
104.18.126.11,SJC,North America,San Jose,294 ms
104.18.120.172,SJC,North America,San Jose,294 ms
104.16.215.81,SJC,North America,San Jose,294 ms
104.18.143.248,SJC,North America,San Jose,294 ms
104.18.129.54,SJC,North America,San Jose,294 ms
104.18.150.96,SJC,North America,San Jose,294 ms
104.17.221.240,SJC,North America,San Jose,295 ms
104.17.1.66,SJC,North America,San Jose,295 ms
104.18.114.127,SJC,North America,San Jose,295 ms
104.17.200.95,SJC,North America,San Jose,295 ms
104.27.66.198,LAX,North America,Los Angeles,295 ms
104.16.150.49,SJC,North America,San Jose,295 ms
104.19.154.202,SJC,North America,San Jose,295 ms
104.17.44.167,SJC,North America,San Jose,295 ms
172.65.245.142,CDG,Europe,Paris,295 ms
104.17.224.32,SJC,North America,San Jose,295 ms
104.17.232.225,SJC,North America,San Jose,295 ms
104.17.137.3,SJC,North America,San Jose,296 ms
104.18.178.131,SJC,North America,San Jose,296 ms
104.18.237.104,SJC,North America,San Jose,296 ms
104.18.144.18,SJC,North America,San Jose,296 ms
104.17.167.240,SJC,North America,San Jose,296 ms
104.18.192.41,SJC,North America,San Jose,296 ms
104.18.85.225,SJC,North America,San Jose,296 ms
104.16.144.37,SJC,North America,San Jose,296 ms
104.18.135.238,SJC,North America,San Jose,296 ms
104.16.196.162,SJC,North America,San Jose,296 ms
104.16.198.98,SJC,North America,San Jose,296 ms
104.16.197.32,SJC,North America,San Jose,296 ms
104.21.225.142,SJC,North America,San Jose,296 ms
104.17.170.217,SJC,North America,San Jose,296 ms
104.16.142.168,SJC,North America,San Jose,296 ms
104.16.102.237,SJC,North America,San Jose,297 ms
104.16.99.170,SJC,North America,San Jose,297 ms
104.19.221.219,SJC,North America,San Jose,297 ms
104.25.250.208,LAX,North America,Los Angeles,297 ms
104.18.70.164,SJC,North America,San Jose,297 ms
172.64.84.204,LAX,North America,Los Angeles,297 ms
104.19.248.108,SJC,North America,San Jose,297 ms
104.17.177.153,SJC,North America,San Jose,297 ms
104.18.205.121,SJC,North America,San Jose,297 ms
172.64.144.193,LAX,North America,Los Angeles,297 ms
104.17.122.22,SJC,North America,San Jose,297 ms
104.17.182.83,SJC,North America,San Jose,297 ms
104.25.123.93,LAX,North America,Los Angeles,297 ms
104.18.72.128,SJC,North America,San Jose,298 ms
104.17.46.33,SJC,North America,San Jose,298 ms
198.41.208.106,SJC,North America,San Jose,298 ms
104.16.129.55,SJC,North America,San Jose,298 ms
104.19.220.133,SJC,North America,San Jose,298 ms
104.18.209.65,SJC,North America,San Jose,298 ms
104.27.37.224,LAX,North America,Los Angeles,298 ms
104.17.62.173,SJC,North America,San Jose,298 ms
104.16.42.212,SJC,North America,San Jose,298 ms
104.16.154.15,SJC,North America,San Jose,298 ms
104.17.176.51,SJC,North America,San Jose,298 ms
104.18.102.232,SJC,North America,San Jose,298 ms
104.16.191.192,SJC,North America,San Jose,298 ms
104.16.54.96,SJC,North America,San Jose,298 ms
104.17.80.134,SJC,North America,San Jose,298 ms
104.17.78.209,SJC,North America,San Jose,298 ms
104.19.209.117,SJC,North America,San Jose,299 ms
104.16.204.182,SJC,North America,San Jose,299 ms
104.17.33.156,SJC,North America,San Jose,299 ms
104.18.203.24,SJC,North America,San Jose,299 ms
104.18.68.173,SJC,North America,San Jose,299 ms
104.24.217.13,LAX,North America,Los Angeles,299 ms
104.18.157.140,SJC,North America,San Jose,299 ms
104.18.134.248,SJC,North America,San Jose,299 ms
104.18.164.94,SJC,North America,San Jose,299 ms
104.17.74.226,SJC,North America,San Jose,300 ms
104.18.238.17,SJC,North America,San Jose,300 ms
173.245.58.67,LAX,North America,Los Angeles,300 ms
104.17.235.233,SJC,North America,San Jose,300 ms
172.64.82.233,LAX,North America,Los Angeles,300 ms
104.17.240.202,SJC,North America,San Jose,301 ms
104.17.130.66,SJC,North America,San Jose,301 ms
104.16.226.27,SJC,North America,San Jose,301 ms
104.17.45.179,SJC,North America,San Jose,301 ms
104.17.175.144,SJC,North America,San Jose,301 ms
104.17.120.38,SJC,North America,San Jose,301 ms
104.16.134.127,SJC,North America,San Jose,301 ms
104.16.5.131,SJC,North America,San Jose,301 ms
162.159.25.129,LAX,North America,Los Angeles,301 ms
104.17.32.168,SJC,North America,San Jose,301 ms
104.16.130.31,SJC,North America,San Jose,301 ms
104.16.27.18,SJC,North America,San Jose,301 ms
104.17.12.48,SJC,North America,San Jose,301 ms
104.18.112.155,SJC,North America,San Jose,301 ms
104.18.175.165,SJC,North America,San Jose,301 ms
104.18.215.244,SJC,North America,San Jose,302 ms
104.16.68.41,SJC,North America,San Jose,302 ms
172.65.196.79,LHR,Europe,London,302 ms
104.18.168.115,SJC,North America,San Jose,302 ms
104.17.55.252,SJC,North America,San Jose,302 ms
104.16.43.210,SJC,North America,San Jose,302 ms
104.16.64.193,SJC,North America,San Jose,302 ms
104.16.207.102,SJC,North America,San Jose,302 ms
104.18.251.126,SJC,North America,San Jose,302 ms
104.18.79.142,SJC,North America,San Jose,302 ms
104.16.170.86,SJC,North America,San Jose,302 ms
104.17.169.227,SJC,North America,San Jose,303 ms
104.17.54.180,SJC,North America,San Jose,303 ms
172.64.146.87,LAX,North America,Los Angeles,303 ms
104.18.233.75,SJC,North America,San Jose,303 ms
104.17.146.72,SJC,North America,San Jose,303 ms
104.17.61.78,SJC,North America,San Jose,303 ms
104.16.253.195,SJC,North America,San Jose,303 ms
172.64.91.202,LAX,North America,Los Angeles,303 ms
104.18.174.10,SJC,North America,San Jose,303 ms
104.24.255.78,LAX,North America,Los Angeles,303 ms
104.16.147.8,SJC,North America,San Jose,303 ms
104.16.16.206,SJC,North America,San Jose,304 ms
104.16.206.52,SJC,North America,San Jose,304 ms
104.18.117.176,SJC,North America,San Jose,304 ms
104.17.98.189,SJC,North America,San Jose,304 ms
172.64.32.213,LAX,North America,Los Angeles,304 ms
104.16.163.113,SJC,North America,San Jose,305 ms
104.18.232.255,SJC,North America,San Jose,305 ms
104.25.88.135,LAX,North America,Los Angeles,305 ms
104.19.176.85,SJC,North America,San Jose,305 ms
104.17.218.231,SJC,North America,San Jose,305 ms
104.16.158.13,SJC,North America,San Jose,305 ms
104.17.9.227,SJC,North America,San Jose,305 ms
104.18.173.136,SJC,North America,San Jose,305 ms
104.17.128.18,SJC,North America,San Jose,305 ms
104.16.201.254,SJC,North America,San Jose,306 ms
104.16.205.0,SJC,North America,San Jose,306 ms
104.18.155.223,SJC,North America,San Jose,306 ms
104.17.220.191,SJC,North America,San Jose,306 ms
104.16.118.167,SJC,North America,San Jose,307 ms
104.16.84.146,SJC,North America,San Jose,307 ms
104.16.86.212,SJC,North America,San Jose,307 ms
104.17.51.126,SJC,North America,San Jose,307 ms
104.17.125.109,SJC,North America,San Jose,307 ms
104.17.95.97,SJC,North America,San Jose,307 ms
104.18.225.235,SJC,North America,San Jose,307 ms
104.18.172.24,SJC,North America,San Jose,307 ms
172.64.92.149,LAX,North America,Los Angeles,307 ms
172.64.53.2,LAX,North America,Los Angeles,307 ms
104.18.207.226,SJC,North America,San Jose,307 ms
104.16.247.253,SJC,North America,San Jose,308 ms
104.19.148.148,SJC,North America,San Jose,308 ms
104.16.117.172,SJC,North America,San Jose,308 ms
104.19.172.29,SJC,North America,San Jose,308 ms
104.17.147.8,SJC,North America,San Jose,308 ms
104.19.212.230,SJC,North America,San Jose,308 ms
104.16.216.62,SJC,North America,San Jose,308 ms
104.19.215.221,SJC,North America,San Jose,308 ms
104.17.143.124,SJC,North America,San Jose,308 ms
104.17.216.234,SJC,North America,San Jose,308 ms
104.17.173.247,SJC,North America,San Jose,309 ms
104.24.169.83,LAX,North America,Los Angeles,309 ms
104.16.55.237,SJC,North America,San Jose,309 ms
104.17.133.114,SJC,North America,San Jose,310 ms
172.66.45.144,LAX,North America,Los Angeles,310 ms
104.16.94.165,SJC,North America,San Jose,310 ms
104.16.108.138,SJC,North America,San Jose,310 ms
104.16.98.39,SJC,North America,San Jose,310 ms
104.16.93.156,SJC,North America,San Jose,310 ms
104.18.97.143,SJC,North America,San Jose,310 ms
104.17.132.19,SJC,North America,San Jose,311 ms
104.19.179.241,SJC,North America,San Jose,311 ms
104.21.237.218,SJC,North America,San Jose,311 ms
104.17.81.71,SJC,North America,San Jose,311 ms
172.64.66.7,LAX,North America,Los Angeles,311 ms
104.24.195.40,LAX,North America,Los Angeles,311 ms
104.17.250.181,SJC,North America,San Jose,312 ms
104.16.59.147,SJC,North America,San Jose,312 ms
104.17.4.182,SJC,North America,San Jose,312 ms
104.16.110.15,SJC,North America,San Jose,312 ms
104.16.104.253,SJC,North America,San Jose,312 ms
104.16.109.54,SJC,North America,San Jose,312 ms
104.16.50.8,SJC,North America,San Jose,312 ms
104.17.72.234,SJC,North America,San Jose,312 ms
104.18.78.209,SJC,North America,San Jose,312 ms
104.16.13.71,SJC,North America,San Jose,313 ms
104.18.156.56,SJC,North America,San Jose,313 ms
104.18.34.174,LAX,North America,Los Angeles,313 ms
104.16.128.193,SJC,North America,San Jose,313 ms
104.18.159.13,SJC,North America,San Jose,313 ms
104.17.69.74,SJC,North America,San Jose,313 ms
104.16.75.95,SJC,North America,San Jose,314 ms
104.18.149.115,SJC,North America,San Jose,314 ms
172.64.41.198,LAX,North America,Los Angeles,314 ms
104.18.66.159,SJC,North America,San Jose,314 ms
104.18.190.66,SJC,North America,San Jose,314 ms
104.18.179.2,SJC,North America,San Jose,315 ms
104.17.119.159,SJC,North America,San Jose,315 ms
104.18.158.255,SJC,North America,San Jose,315 ms
104.17.68.152,SJC,North America,San Jose,315 ms
104.18.221.123,SJC,North America,San Jose,315 ms
104.27.16.126,LAX,North America,Los Angeles,315 ms
104.17.84.126,SJC,North America,San Jose,315 ms
104.16.173.134,SJC,North America,San Jose,316 ms
104.19.144.43,SJC,North America,San Jose,316 ms
104.25.96.148,LAX,North America,Los Angeles,316 ms
104.18.137.251,SJC,North America,San Jose,316 ms
104.17.93.121,SJC,North America,San Jose,316 ms
104.16.72.192,SJC,North America,San Jose,317 ms
104.17.213.9,SJC,North America,San Jose,317 ms
104.17.222.230,SJC,North America,San Jose,317 ms
188.114.97.221,SJC,North America,San Jose,317 ms
104.18.151.93,SJC,North America,San Jose,317 ms
104.19.187.122,SJC,North America,San Jose,317 ms
104.25.254.176,LAX,North America,Los Angeles,318 ms
104.16.140.26,SJC,North America,San Jose,318 ms
104.16.224.200,SJC,North America,San Jose,318 ms
104.17.92.188,SJC,North America,San Jose,318 ms
162.159.58.89,LAX,North America,Los Angeles,318 ms
104.17.214.182,SJC,North America,San Jose,319 ms
104.25.249.70,LAX,North America,Los Angeles,319 ms
104.24.21.93,LAX,North America,Los Angeles,320 ms
173.245.59.120,LAX,North America,Los Angeles,320 ms
104.17.163.227,SJC,North America,San Jose,320 ms
104.16.12.227,SJC,North America,San Jose,320 ms
104.16.176.67,SJC,North America,San Jose,320 ms
104.16.80.9,SJC,North America,San Jose,320 ms
104.16.78.250,SJC,North America,San Jose,320 ms
104.16.87.83,SJC,North America,San Jose,320 ms
104.16.81.85,SJC,North America,San Jose,320 ms
104.16.90.107,SJC,North America,San Jose,320 ms
104.16.77.105,SJC,North America,San Jose,320 ms
162.159.143.110,LAX,North America,Los Angeles,321 ms
104.17.91.3,SJC,North America,San Jose,321 ms
104.17.186.141,SJC,North America,San Jose,321 ms
162.159.45.241,LAX,North America,Los Angeles,322 ms
104.17.251.5,SJC,North America,San Jose,322 ms
104.16.105.243,SJC,North America,San Jose,322 ms
104.16.111.102,SJC,North America,San Jose,322 ms
104.16.112.9,SJC,North America,San Jose,322 ms
104.27.76.252,LAX,North America,Los Angeles,322 ms
104.16.145.28,SJC,North America,San Jose,322 ms
104.16.92.28,SJC,North America,San Jose,322 ms
104.16.0.163,SJC,North America,San Jose,322 ms
172.64.100.186,BUF,North America,Buffalo,322 ms
104.17.165.69,SJC,North America,San Jose,323 ms
104.17.21.98,SJC,North America,San Jose,323 ms
141.101.115.188,SJC,North America,San Jose,323 ms
104.19.234.38,SJC,North America,San Jose,324 ms
104.17.100.172,SJC,North America,San Jose,324 ms
104.19.146.181,SJC,North America,San Jose,324 ms
104.16.211.73,SJC,North America,San Jose,324 ms
162.159.5.125,LAX,North America,Los Angeles,324 ms
104.17.14.80,SJC,North America,San Jose,324 ms
104.16.127.198,SJC,North America,San Jose,324 ms
104.16.157.212,SJC,North America,San Jose,325 ms
104.18.22.85,LAX,North America,Los Angeles,325 ms
104.25.251.63,LAX,North America,Los Angeles,326 ms
104.17.71.197,SJC,North America,San Jose,326 ms
104.19.192.96,LAX,North America,Los Angeles,327 ms
104.19.190.234,SJC,North America,San Jose,327 ms
104.19.193.141,LAX,North America,Los Angeles,327 ms
104.19.191.113,SJC,North America,San Jose,327 ms
104.16.124.71,SJC,North America,San Jose,327 ms
172.64.158.139,LAX,North America,Los Angeles,328 ms
104.16.245.88,SJC,North America,San Jose,328 ms
104.16.220.139,SJC,North America,San Jose,328 ms
104.19.214.68,SJC,North America,San Jose,328 ms
104.17.164.184,SJC,North America,San Jose,328 ms
104.24.17.227,LAX,North America,Los Angeles,328 ms
104.17.65.32,SJC,North America,San Jose,328 ms
104.17.28.6,SJC,North America,San Jose,328 ms
104.17.19.187,SJC,North America,San Jose,329 ms
104.18.138.169,SJC,North America,San Jose,329 ms
104.17.215.57,SJC,North America,San Jose,329 ms
104.16.193.91,SJC,North America,San Jose,329 ms
104.16.91.117,SJC,North America,San Jose,329 ms
104.16.89.90,SJC,North America,San Jose,329 ms
23.227.39.203,LAX,North America,Los Angeles,330 ms
104.16.249.114,SJC,North America,San Jose,330 ms
104.17.212.124,SJC,North America,San Jose,330 ms
162.159.33.26,LAX,North America,Los Angeles,331 ms
104.18.44.58,LAX,North America,Los Angeles,331 ms
104.19.74.248,LAX,North America,Los Angeles,331 ms
104.19.186.52,SJC,North America,San Jose,331 ms
104.16.100.192,SJC,North America,San Jose,332 ms
104.16.95.75,SJC,North America,San Jose,332 ms
104.16.101.167,SJC,North America,San Jose,332 ms
104.16.97.152,SJC,North America,San Jose,332 ms
104.16.96.61,SJC,North America,San Jose,332 ms
104.27.73.57,LAX,North America,Los Angeles,332 ms
104.16.79.66,SJC,North America,San Jose,332 ms
104.18.121.251,SJC,North America,San Jose,332 ms
172.66.41.153,LAX,North America,Los Angeles,334 ms
104.16.41.10,SJC,North America,San Jose,334 ms
104.18.35.125,LAX,North America,Los Angeles,335 ms
104.17.210.61,SJC,North America,San Jose,335 ms
104.18.37.226,LAX,North America,Los Angeles,336 ms
104.16.239.141,SJC,North America,San Jose,336 ms
104.19.171.123,SJC,North America,San Jose,338 ms
104.17.161.208,SJC,North America,San Jose,338 ms
104.19.253.152,SJC,North America,San Jose,339 ms
162.159.19.14,LAX,North America,Los Angeles,340 ms
104.16.248.242,SJC,North America,San Jose,340 ms
172.65.255.2,FRA,Europe,Frankfurt,341 ms
104.24.232.38,LAX,North America,Los Angeles,341 ms
104.19.124.176,LAX,North America,Los Angeles,341 ms
104.16.190.255,SJC,North America,San Jose,341 ms
172.67.92.162,LAX,North America,Los Angeles,341 ms
104.16.11.30,SJC,North America,San Jose,342 ms
104.16.107.111,SJC,North America,San Jose,342 ms
104.19.169.117,SJC,North America,San Jose,343 ms
104.16.122.20,SJC,North America,San Jose,344 ms
104.16.9.127,SJC,North America,San Jose,345 ms
104.25.81.248,LAX,North America,Los Angeles,345 ms
104.17.211.109,SJC,North America,San Jose,346 ms
104.19.205.175,LAX,North America,Los Angeles,346 ms
1.0.0.232,LAX,North America,Los Angeles,347 ms
104.16.126.122,SJC,North America,San Jose,347 ms
198.41.192.36,LAX,North America,Los Angeles,348 ms
104.24.36.149,LAX,North America,Los Angeles,348 ms
104.25.154.207,LAX,North America,Los Angeles,349 ms
172.64.101.20,BUF,North America,Buffalo,349 ms
104.24.196.147,LAX,North America,Los Angeles,349 ms
104.24.146.30,LAX,North America,Los Angeles,350 ms
104.16.8.108,SJC,North America,San Jose,351 ms
104.19.65.119,LAX,North America,Los Angeles,351 ms
104.17.157.199,SJC,North America,San Jose,351 ms
104.24.171.173,LAX,North America,Los Angeles,351 ms
172.64.49.97,LAX,North America,Los Angeles,351 ms
108.162.194.189,LAX,North America,Los Angeles,353 ms
104.25.94.36,LAX,North America,Los Angeles,353 ms
104.25.126.189,LAX,North America,Los Angeles,354 ms
104.18.17.37,LAX,North America,Los Angeles,354 ms
104.24.179.175,LAX,North America,Los Angeles,356 ms
104.24.170.125,LAX,North America,Los Angeles,357 ms
104.17.208.203,SJC,North America,San Jose,357 ms
104.18.15.146,LAX,North America,Los Angeles,358 ms
104.18.19.65,LAX,North America,Los Angeles,361 ms
104.17.248.183,SJC,North America,San Jose,362 ms
104.17.156.142,SJC,North America,San Jose,362 ms
104.24.172.245,LAX,North America,Los Angeles,363 ms
104.18.9.0,LAX,North America,Los Angeles,363 ms
104.19.111.57,LAX,North America,Los Angeles,365 ms
104.19.0.230,LAX,North America,Los Angeles,365 ms
104.24.193.214,LAX,North America,Los Angeles,365 ms
104.25.56.162,LAX,North America,Los Angeles,368 ms
104.17.154.129,SJC,North America,San Jose,369 ms
104.18.26.116,LAX,North America,Los Angeles,369 ms
162.159.209.255,BUF,North America,Buffalo,369 ms
104.25.3.240,LAX,North America,Los Angeles,369 ms
104.17.153.95,SJC,North America,San Jose,370 ms
198.41.193.204,LAX,North America,Los Angeles,370 ms
104.18.166.102,SJC,North America,San Jose,370 ms
104.25.220.222,LAX,North America,Los Angeles,371 ms
104.17.159.122,SJC,North America,San Jose,372 ms
104.18.43.142,LAX,North America,Los Angeles,372 ms
104.19.251.244,SJC,North America,San Jose,372 ms
162.159.61.146,LAX,North America,Los Angeles,373 ms
104.18.21.27,LAX,North America,Los Angeles,373 ms
104.18.24.242,LAX,North America,Los Angeles,374 ms
104.20.42.150,LAX,North America,Los Angeles,374 ms
104.25.61.221,LAX,North America,Los Angeles,374 ms
104.24.162.8,LAX,North America,Los Angeles,374 ms
104.27.25.205,LAX,North America,Los Angeles,375 ms
198.41.214.181,LAX,North America,Los Angeles,375 ms
104.23.98.86,LAX,North America,Los Angeles,376 ms
104.18.165.41,SJC,North America,San Jose,376 ms
162.159.135.66,LAX,North America,Los Angeles,379 ms
162.159.207.47,LAX,North America,Los Angeles,379 ms
162.159.206.91,LAX,North America,Los Angeles,379 ms
198.41.205.245,LAX,North America,Los Angeles,379 ms
198.41.202.247,LAX,North America,Los Angeles,379 ms
104.25.187.112,LAX,North America,Los Angeles,380 ms
104.18.32.188,LAX,North America,Los Angeles,381 ms
104.18.5.100,LAX,North America,Los Angeles,382 ms
104.17.150.109,SJC,North America,San Jose,382 ms
172.64.148.59,LAX,North America,Los Angeles,382 ms
172.64.155.52,LAX,North America,Los Angeles,382 ms
172.67.110.0,LAX,North America,Los Angeles,384 ms
104.25.69.15,LAX,North America,Los Angeles,388 ms
104.27.110.151,LAX,North America,Los Angeles,389 ms
104.25.120.79,LAX,North America,Los Angeles,389 ms
172.64.95.70,LAX,North America,Los Angeles,389 ms
104.27.60.240,LAX,North America,Los Angeles,391 ms
162.159.15.193,LAX,North America,Los Angeles,391 ms
162.159.60.224,LAX,North America,Los Angeles,393 ms
104.24.39.211,LAX,North America,Los Angeles,393 ms
104.25.5.194,LAX,North America,Los Angeles,394 ms
104.24.94.29,LAX,North America,Los Angeles,394 ms
104.19.202.154,LAX,North America,Los Angeles,394 ms
172.64.34.204,LAX,North America,Los Angeles,394 ms
104.20.45.43,LAX,North America,Los Angeles,394 ms
104.24.190.48,LAX,North America,Los Angeles,395 ms
198.41.222.22,LAX,North America,Los Angeles,395 ms
162.159.152.67,LAX,North America,Los Angeles,395 ms
104.19.54.51,LAX,North America,Los Angeles,395 ms
172.65.178.222,LAX,North America,Los Angeles,396 ms
172.64.152.249,LAX,North America,Los Angeles,396 ms
104.25.14.235,LAX,North America,Los Angeles,396 ms
172.66.1.97,LAX,North America,Los Angeles,397 ms
104.18.4.106,LAX,North America,Los Angeles,397 ms
172.64.42.65,LAX,North America,Los Angeles,397 ms
104.18.40.68,LAX,North America,Los Angeles,398 ms
104.24.83.133,LAX,North America,Los Angeles,399 ms
104.23.96.182,LAX,North America,Los Angeles,400 ms
172.65.254.241,FRA,Europe,Frankfurt,401 ms
104.25.95.230,LAX,North America,Los Angeles,402 ms
104.24.31.200,LAX,North America,Los Angeles,402 ms
172.64.80.126,LAX,North America,Los Angeles,402 ms
104.18.163.114,SJC,North America,San Jose,403 ms
162.159.9.250,LAX,North America,Los Angeles,403 ms
162.159.17.84,LAX,North America,Los Angeles,403 ms
104.19.97.176,LAX,North America,Los Angeles,403 ms
104.25.62.131,LAX,North America,Los Angeles,403 ms
104.19.207.155,LAX,North America,Los Angeles,403 ms
172.65.218.184,LAX,North America,Los Angeles,404 ms
172.64.93.1,LAX,North America,Los Angeles,404 ms
172.65.202.15,LAX,North America,Los Angeles,405 ms
104.27.29.203,LAX,North America,Los Angeles,405 ms
104.25.161.138,LAX,North America,Los Angeles,405 ms
104.24.49.184,LAX,North America,Los Angeles,406 ms
104.25.37.97,LAX,North America,Los Angeles,406 ms
104.24.238.53,LAX,North America,Los Angeles,406 ms
104.25.44.37,LAX,North America,Los Angeles,407 ms
104.25.164.4,LAX,North America,Los Angeles,409 ms
104.25.50.1,LAX,North America,Los Angeles,409 ms
172.64.159.230,LAX,North America,Los Angeles,409 ms
104.25.208.210,LAX,North America,Los Angeles,409 ms
104.25.193.157,LAX,North America,Los Angeles,410 ms
172.67.99.164,LAX,North America,Los Angeles,411 ms
104.24.75.117,LAX,North America,Los Angeles,411 ms
104.27.34.38,LAX,North America,Los Angeles,411 ms
172.67.95.214,LAX,North America,Los Angeles,411 ms
172.67.124.35,LAX,North America,Los Angeles,412 ms
172.64.229.57,LAX,North America,Los Angeles,412 ms
104.25.205.189,LAX,North America,Los Angeles,414 ms
104.25.234.109,LAX,North America,Los Angeles,414 ms
172.64.230.16,LAX,North America,Los Angeles,414 ms
104.25.60.226,LAX,North America,Los Angeles,415 ms
104.27.109.103,LAX,North America,Los Angeles,415 ms
104.25.55.16,LAX,North America,Los Angeles,415 ms
104.27.26.85,LAX,North America,Los Angeles,416 ms
104.25.39.51,LAX,North America,Los Angeles,416 ms
8.34.70.221,LAX,North America,Los Angeles,416 ms
172.65.253.25,CDG,Europe,Paris,416 ms
104.24.66.71,LAX,North America,Los Angeles,416 ms
8.31.160.27,LAX,North America,Los Angeles,416 ms
104.27.82.60,LAX,North America,Los Angeles,417 ms
104.27.90.89,LAX,North America,Los Angeles,418 ms
104.24.153.237,LAX,North America,Los Angeles,419 ms
104.20.60.27,LAX,North America,Los Angeles,419 ms
104.25.147.13,LAX,North America,Los Angeles,419 ms
104.19.197.121,LAX,North America,Los Angeles,419 ms
104.27.63.203,LAX,North America,Los Angeles,419 ms
104.24.250.49,LAX,North America,Los Angeles,420 ms
104.27.3.215,LAX,North America,Los Angeles,420 ms
162.159.21.11,LAX,North America,Los Angeles,421 ms
104.24.64.153,LAX,North America,Los Angeles,421 ms
104.25.152.206,LAX,North America,Los Angeles,421 ms
104.18.13.152,LAX,North America,Los Angeles,422 ms
104.25.59.121,LAX,North America,Los Angeles,422 ms
104.18.10.214,LAX,North America,Los Angeles,422 ms
104.27.65.215,LAX,North America,Los Angeles,422 ms
104.23.127.93,LAX,North America,Los Angeles,423 ms
104.27.102.78,LAX,North America,Los Angeles,423 ms
104.25.202.164,LAX,North America,Los Angeles,423 ms
104.24.5.212,LAX,North America,Los Angeles,424 ms
104.25.134.208,LAX,North America,Los Angeles,424 ms
104.25.93.12,LAX,North America,Los Angeles,424 ms
104.25.54.59,LAX,North America,Los Angeles,424 ms
104.25.1.170,LAX,North America,Los Angeles,425 ms
104.25.133.181,LAX,North America,Los Angeles,425 ms
104.24.135.154,LAX,North America,Los Angeles,425 ms
104.24.10.14,LAX,North America,Los Angeles,425 ms
104.25.127.78,LAX,North America,Los Angeles,425 ms
162.159.13.236,LAX,North America,Los Angeles,425 ms
104.23.123.33,LAX,North America,Los Angeles,426 ms
104.24.26.10,LAX,North America,Los Angeles,426 ms
104.25.9.165,LAX,North America,Los Angeles,426 ms
104.25.43.31,LAX,North America,Los Angeles,427 ms
104.23.120.27,LAX,North America,Los Angeles,427 ms
104.25.150.61,LAX,North America,Los Angeles,428 ms
104.25.24.199,LAX,North America,Los Angeles,428 ms
104.19.77.142,LAX,North America,Los Angeles,429 ms
104.25.217.174,LAX,North America,Los Angeles,429 ms
104.24.95.197,LAX,North America,Los Angeles,429 ms
162.159.23.214,LAX,North America,Los Angeles,430 ms
104.23.102.162,LAX,North America,Los Angeles,430 ms
104.23.99.25,LAX,North America,Los Angeles,430 ms
104.25.90.230,LAX,North America,Los Angeles,431 ms
104.24.80.176,LAX,North America,Los Angeles,433 ms
104.27.123.247,LAX,North America,Los Angeles,433 ms
104.24.253.174,LAX,North America,Los Angeles,433 ms
104.24.206.176,LAX,North America,Los Angeles,433 ms
104.23.118.173,LAX,North America,Los Angeles,434 ms
104.19.26.92,LAX,North America,Los Angeles,434 ms
104.25.87.232,LAX,North America,Los Angeles,435 ms
104.27.96.26,LAX,North America,Los Angeles,435 ms
104.27.61.17,LAX,North America,Los Angeles,436 ms
104.24.27.53,LAX,North America,Los Angeles,436 ms
104.20.8.99,LAX,North America,Los Angeles,436 ms
104.25.245.254,LAX,North America,Los Angeles,436 ms
104.25.196.165,LAX,North America,Los Angeles,437 ms
198.41.197.166,LAX,North America,Los Angeles,437 ms
104.19.72.220,LAX,North America,Los Angeles,439 ms
104.24.90.181,LAX,North America,Los Angeles,439 ms
104.25.241.42,LAX,North America,Los Angeles,439 ms
1.1.1.8,LAX,North America,Los Angeles,439 ms
104.18.6.16,LAX,North America,Los Angeles,439 ms
104.24.233.169,LAX,North America,Los Angeles,440 ms
104.19.203.68,LAX,North America,Los Angeles,440 ms
104.19.52.141,LAX,North America,Los Angeles,440 ms
104.27.107.72,LAX,North America,Los Angeles,441 ms
104.25.65.105,LAX,North America,Los Angeles,441 ms
162.159.4.165,LAX,North America,Los Angeles,441 ms
104.27.77.29,LAX,North America,Los Angeles,443 ms
104.25.34.194,LAX,North America,Los Angeles,443 ms
104.25.213.65,LAX,North America,Los Angeles,443 ms
104.25.136.120,LAX,North America,Los Angeles,443 ms
104.25.108.89,LAX,North America,Los Angeles,444 ms
104.27.120.65,LAX,North America,Los Angeles,444 ms
104.19.53.149,LAX,North America,Los Angeles,444 ms
104.24.150.4,LAX,North America,Los Angeles,444 ms
104.25.166.2,LAX,North America,Los Angeles,444 ms
104.19.29.47,LAX,North America,Los Angeles,444 ms
104.19.25.232,LAX,North America,Los Angeles,444 ms
104.25.41.222,LAX,North America,Los Angeles,445 ms
104.20.14.125,LAX,North America,Los Angeles,445 ms
104.23.117.216,LAX,North America,Los Angeles,446 ms
104.24.133.112,LAX,North America,Los Angeles,447 ms
104.20.9.253,LAX,North America,Los Angeles,447 ms
104.24.28.51,LAX,North America,Los Angeles,447 ms
104.20.55.166,LAX,North America,Los Angeles,447 ms
104.25.112.60,LAX,North America,Los Angeles,448 ms
104.25.106.200,LAX,North America,Los Angeles,448 ms
104.25.53.66,LAX,North America,Los Angeles,448 ms
104.20.51.136,LAX,North America,Los Angeles,448 ms
104.27.53.162,LAX,North America,Los Angeles,448 ms
104.27.52.195,LAX,North America,Los Angeles,448 ms
104.27.54.22,LAX,North America,Los Angeles,448 ms
104.20.7.108,LAX,North America,Los Angeles,449 ms
104.19.70.122,LAX,North America,Los Angeles,449 ms
104.24.137.29,LAX,North America,Los Angeles,449 ms
104.19.85.211,LAX,North America,Los Angeles,449 ms
104.20.50.101,LAX,North America,Los Angeles,450 ms
104.25.178.48,LAX,North America,Los Angeles,450 ms
104.23.101.245,LAX,North America,Los Angeles,450 ms
104.27.51.224,LAX,North America,Los Angeles,451 ms
104.27.38.166,LAX,North America,Los Angeles,451 ms
104.27.115.197,LAX,North America,Los Angeles,451 ms
172.67.88.20,LAX,North America,Los Angeles,451 ms
104.24.144.58,LAX,North America,Los Angeles,452 ms
104.25.78.212,LAX,North America,Los Angeles,452 ms
104.24.87.168,LAX,North America,Los Angeles,452 ms
104.27.7.223,LAX,North America,Los Angeles,452 ms
104.19.38.188,LAX,North America,Los Angeles,453 ms
104.20.49.42,LAX,North America,Los Angeles,453 ms
104.24.180.49,LAX,North America,Los Angeles,454 ms
104.24.149.58,LAX,North America,Los Angeles,454 ms
104.19.123.16,LAX,North America,Los Angeles,454 ms
104.19.13.222,LAX,North America,Los Angeles,454 ms
104.25.215.194,LAX,North America,Los Angeles,454 ms
104.27.62.203,LAX,North America,Los Angeles,455 ms
104.25.210.135,LAX,North America,Los Angeles,455 ms
104.25.247.204,LAX,North America,Los Angeles,456 ms
104.25.151.216,LAX,North America,Los Angeles,456 ms
104.27.18.44,LAX,North America,Los Angeles,456 ms
104.27.48.140,LAX,North America,Los Angeles,456 ms
8.39.214.238,LAX,North America,Los Angeles,456 ms
104.25.238.168,LAX,North America,Los Angeles,456 ms
104.24.70.22,LAX,North America,Los Angeles,457 ms
104.25.140.97,LAX,North America,Los Angeles,457 ms
104.25.157.249,LAX,North America,Los Angeles,457 ms
104.19.94.137,LAX,North America,Los Angeles,457 ms
104.20.36.97,LAX,North America,Los Angeles,457 ms
104.24.33.155,LAX,North America,Los Angeles,457 ms
104.20.10.72,LAX,North America,Los Angeles,458 ms
104.24.145.204,LAX,North America,Los Angeles,458 ms
104.19.78.158,LAX,North America,Los Angeles,458 ms
104.27.6.247,LAX,North America,Los Angeles,459 ms
104.24.247.28,LAX,North America,Los Angeles,459 ms
104.27.23.16,LAX,North America,Los Angeles,459 ms
104.24.16.132,LAX,North America,Los Angeles,459 ms
8.39.204.163,LAX,North America,Los Angeles,459 ms
104.27.27.112,LAX,North America,Los Angeles,460 ms
172.64.149.81,LAX,North America,Los Angeles,461 ms
104.27.78.213,LAX,North America,Los Angeles,461 ms
104.19.199.159,LAX,North America,Los Angeles,461 ms
104.20.47.36,LAX,North America,Los Angeles,461 ms
172.67.91.122,LAX,North America,Los Angeles,461 ms
104.24.93.127,LAX,North America,Los Angeles,462 ms
104.20.38.242,LAX,North America,Los Angeles,462 ms
104.27.72.200,LAX,North America,Los Angeles,462 ms
104.27.88.222,LAX,North America,Los Angeles,463 ms
104.27.106.167,LAX,North America,Los Angeles,463 ms
104.25.131.52,LAX,North America,Los Angeles,463 ms
104.25.105.166,LAX,North America,Los Angeles,463 ms
104.25.255.159,LAX,North America,Los Angeles,463 ms
104.27.59.19,LAX,North America,Los Angeles,464 ms
104.19.24.62,LAX,North America,Los Angeles,464 ms
104.27.91.106,LAX,North America,Los Angeles,465 ms
104.24.18.196,LAX,North America,Los Angeles,465 ms
104.24.183.159,LAX,North America,Los Angeles,465 ms
104.19.43.42,LAX,North America,Los Angeles,465 ms
104.25.171.47,LAX,North America,Los Angeles,465 ms
104.25.211.108,LAX,North America,Los Angeles,466 ms
104.19.36.97,LAX,North America,Los Angeles,466 ms
104.20.46.50,LAX,North America,Los Angeles,468 ms
104.27.22.211,LAX,North America,Los Angeles,468 ms
104.27.97.207,LAX,North America,Los Angeles,469 ms
104.19.3.119,LAX,North America,Los Angeles,469 ms
104.27.127.123,LAX,North America,Los Angeles,469 ms
104.24.201.40,LAX,North America,Los Angeles,470 ms
104.19.96.209,LAX,North America,Los Angeles,470 ms
172.67.107.24,LAX,North America,Los Angeles,470 ms
104.25.212.0,LAX,North America,Los Angeles,470 ms
104.27.17.137,LAX,North America,Los Angeles,471 ms
104.27.68.78,LAX,North America,Los Angeles,472 ms
104.25.199.223,LAX,North America,Los Angeles,472 ms
104.27.85.225,LAX,North America,Los Angeles,473 ms
104.27.84.225,LAX,North America,Los Angeles,473 ms
104.24.9.128,LAX,North America,Los Angeles,473 ms
104.24.151.203,LAX,North America,Los Angeles,473 ms
104.19.39.89,LAX,North America,Los Angeles,473 ms
104.19.41.167,LAX,North America,Los Angeles,473 ms
104.24.79.5,LAX,North America,Los Angeles,473 ms
104.25.118.84,LAX,North America,Los Angeles,474 ms
104.25.163.58,LAX,North America,Los Angeles,474 ms
141.101.113.147,LAX,North America,Los Angeles,474 ms
104.25.192.129,LAX,North America,Los Angeles,474 ms
104.19.19.52,LAX,North America,Los Angeles,474 ms
104.19.16.233,LAX,North America,Los Angeles,474 ms
104.27.33.254,LAX,North America,Los Angeles,474 ms
104.25.21.228,LAX,North America,Los Angeles,475 ms
104.24.34.84,LAX,North America,Los Angeles,475 ms
104.24.91.43,LAX,North America,Los Angeles,475 ms
104.25.68.106,LAX,North America,Los Angeles,475 ms
104.25.66.238,LAX,North America,Los Angeles,475 ms
104.24.32.225,LAX,North America,Los Angeles,476 ms
104.24.81.224,LAX,North America,Los Angeles,476 ms
104.19.46.232,LAX,North America,Los Angeles,476 ms
104.25.135.134,LAX,North America,Los Angeles,477 ms
172.67.119.58,LAX,North America,Los Angeles,478 ms
104.25.139.239,LAX,North America,Los Angeles,478 ms
104.24.249.78,LAX,North America,Los Angeles,478 ms
172.67.126.196,LAX,North America,Los Angeles,478 ms
104.23.122.137,LAX,North America,Los Angeles,478 ms
104.24.208.77,LAX,North America,Los Angeles,479 ms
172.67.118.244,LAX,North America,Los Angeles,479 ms
104.24.54.174,LAX,North America,Los Angeles,479 ms
104.27.98.65,LAX,North America,Los Angeles,480 ms
104.24.138.79,LAX,North America,Los Angeles,480 ms
104.19.95.153,LAX,North America,Los Angeles,480 ms
104.24.134.113,LAX,North America,Los Angeles,480 ms
104.24.77.85,LAX,North America,Los Angeles,481 ms
104.25.248.71,LAX,North America,Los Angeles,482 ms
104.25.175.221,LAX,North America,Los Angeles,482 ms
104.25.233.134,LAX,North America,Los Angeles,483 ms
172.67.98.192,LAX,North America,Los Angeles,483 ms
104.19.18.98,LAX,North America,Los Angeles,484 ms
104.19.12.140,LAX,North America,Los Angeles,484 ms
104.25.2.151,LAX,North America,Los Angeles,486 ms
104.24.168.34,LAX,North America,Los Angeles,487 ms
104.19.119.162,LAX,North America,Los Angeles,487 ms
104.20.1.66,LAX,North America,Los Angeles,487 ms
104.19.1.103,LAX,North America,Los Angeles,487 ms
104.24.43.47,LAX,North America,Los Angeles,488 ms
104.20.62.92,LAX,North America,Los Angeles,488 ms
104.24.165.159,LAX,North America,Los Angeles,489 ms
104.24.194.46,LAX,North America,Los Angeles,490 ms
104.19.115.166,LAX,North America,Los Angeles,490 ms
172.67.102.233,LAX,North America,Los Angeles,491 ms
104.27.35.191,LAX,North America,Los Angeles,491 ms
104.24.157.98,LAX,North America,Los Angeles,491 ms
104.24.142.160,LAX,North America,Los Angeles,491 ms
104.25.198.229,LAX,North America,Los Angeles,492 ms
104.24.53.228,LAX,North America,Los Angeles,492 ms
104.19.99.162,LAX,North America,Los Angeles,493 ms
104.19.40.42,LAX,North America,Los Angeles,493 ms
172.67.113.185,LAX,North America,Los Angeles,494 ms
104.23.125.206,LAX,North America,Los Angeles,494 ms
104.19.17.58,LAX,North America,Los Angeles,494 ms
104.24.59.211,LAX,North America,Los Angeles,496 ms
104.24.161.117,LAX,North America,Los Angeles,496 ms
104.20.4.248,LAX,North America,Los Angeles,497 ms
104.19.92.118,LAX,North America,Los Angeles,497 ms
104.24.222.67,LAX,North America,Los Angeles,497 ms
104.24.51.134,LAX,North America,Los Angeles,500 ms
104.19.120.88,LAX,North America,Los Angeles,501 ms
104.19.4.232,LAX,North America,Los Angeles,502 ms
104.19.88.10,LAX,North America,Los Angeles,503 ms
104.24.246.122,LAX,North America,Los Angeles,504 ms
104.24.159.154,LAX,North America,Los Angeles,504 ms
104.25.209.114,LAX,North America,Los Angeles,505 ms
104.24.185.223,LAX,North America,Los Angeles,505 ms
104.27.19.84,LAX,North America,Los Angeles,506 ms
104.19.59.85,LAX,North America,Los Angeles,506 ms
104.27.40.180,LAX,North America,Los Angeles,506 ms
104.25.167.139,LAX,North America,Los Angeles,507 ms
104.24.155.67,LAX,North America,Los Angeles,507 ms
104.25.200.1,LAX,North America,Los Angeles,508 ms
104.27.57.110,LAX,North America,Los Angeles,509 ms
104.25.188.235,LAX,North America,Los Angeles,509 ms
104.20.32.255,LAX,North America,Los Angeles,509 ms
104.27.64.71,LAX,North America,Los Angeles,510 ms
104.24.209.142,LAX,North America,Los Angeles,510 ms
104.24.254.234,LAX,North America,Los Angeles,511 ms
104.25.22.70,LAX,North America,Los Angeles,512 ms
104.20.56.236,LAX,North America,Los Angeles,512 ms
104.24.24.87,LAX,North America,Los Angeles,512 ms
104.27.13.111,LAX,North America,Los Angeles,512 ms
104.24.128.18,LAX,North America,Los Angeles,513 ms
104.24.204.40,LAX,North America,Los Angeles,514 ms
104.24.234.202,LAX,North America,Los Angeles,514 ms
104.25.172.115,LAX,North America,Los Angeles,515 ms
104.24.239.222,LAX,North America,Los Angeles,515 ms
104.24.203.16,LAX,North America,Los Angeles,516 ms
104.25.107.215,LAX,North America,Los Angeles,516 ms
104.25.232.28,LAX,North America,Los Angeles,516 ms
162.159.194.18,LAX,North America,Los Angeles,518 ms
104.24.214.242,LAX,North America,Los Angeles,518 ms
104.25.98.73,LAX,North America,Los Angeles,518 ms
104.19.76.19,LAX,North America,Los Angeles,520 ms
104.27.49.21,LAX,North America,Los Angeles,520 ms
104.24.61.14,LAX,North America,Los Angeles,520 ms
104.25.18.117,LAX,North America,Los Angeles,520 ms
104.19.112.46,LAX,North America,Los Angeles,521 ms
104.25.169.114,LAX,North America,Los Angeles,521 ms
104.25.10.141,LAX,North America,Los Angeles,521 ms
104.25.32.54,LAX,North America,Los Angeles,522 ms
104.19.45.166,LAX,North America,Los Angeles,522 ms
104.24.235.54,LAX,North America,Los Angeles,523 ms
104.24.228.79,LAX,North America,Los Angeles,523 ms
104.24.181.212,LAX,North America,Los Angeles,524 ms
104.27.124.187,LAX,North America,Los Angeles,524 ms
104.19.6.92,LAX,North America,Los Angeles,524 ms
104.27.101.63,LAX,North America,Los Angeles,524 ms
104.25.92.83,LAX,North America,Los Angeles,525 ms
104.25.186.128,LAX,North America,Los Angeles,525 ms
104.27.45.29,LAX,North America,Los Angeles,525 ms
104.24.175.155,LAX,North America,Los Angeles,526 ms
104.27.20.224,LAX,North America,Los Angeles,526 ms
104.19.61.242,LAX,North America,Los Angeles,527 ms
104.19.34.11,LAX,North America,Los Angeles,529 ms
104.25.235.7,LAX,North America,Los Angeles,530 ms
172.64.235.40,LAX,North America,Los Angeles,532 ms
104.27.44.206,LAX,North America,Los Angeles,532 ms
104.24.57.141,LAX,North America,Los Angeles,532 ms
104.25.30.250,LAX,North America,Los Angeles,532 ms
104.19.89.39,LAX,North America,Los Angeles,532 ms
104.23.104.188,LAX,North America,Los Angeles,533 ms
104.25.176.255,LAX,North America,Los Angeles,533 ms
104.25.197.211,LAX,North America,Los Angeles,534 ms
104.25.189.220,LAX,North America,Los Angeles,534 ms
104.19.8.56,LAX,North America,Los Angeles,534 ms
104.25.82.138,LAX,North America,Los Angeles,536 ms
104.25.223.157,LAX,North America,Los Angeles,536 ms
172.67.112.82,LAX,North America,Los Angeles,536 ms
104.19.114.75,LAX,North America,Los Angeles,537 ms
104.24.220.178,LAX,North America,Los Angeles,538 ms
104.25.12.213,LAX,North America,Los Angeles,538 ms
104.25.0.154,LAX,North America,Los Angeles,540 ms
104.27.104.219,LAX,North America,Los Angeles,540 ms
104.24.248.136,LAX,North America,Los Angeles,541 ms
104.19.62.116,LAX,North America,Los Angeles,541 ms
104.25.236.1,LAX,North America,Los Angeles,542 ms
104.25.29.116,LAX,North America,Los Angeles,542 ms
104.25.129.102,LAX,North America,Los Angeles,542 ms
104.24.199.141,LAX,North America,Los Angeles,545 ms
104.23.121.20,LAX,North America,Los Angeles,546 ms
104.25.79.80,LAX,North America,Los Angeles,546 ms
104.24.231.106,LAX,North America,Los Angeles,546 ms
104.19.113.201,LAX,North America,Los Angeles,547 ms
104.20.5.195,LAX,North America,Los Angeles,548 ms
104.25.7.116,LAX,North America,Los Angeles,549 ms
104.25.104.201,LAX,North America,Los Angeles,550 ms
104.24.29.145,LAX,North America,Los Angeles,552 ms
104.24.236.208,LAX,North America,Los Angeles,552 ms
104.24.216.157,LAX,North America,Los Angeles,553 ms
104.24.211.96,LAX,North America,Los Angeles,553 ms
104.24.52.29,LAX,North America,Los Angeles,554 ms
104.27.56.223,LAX,North America,Los Angeles,555 ms
104.23.108.177,LAX,North America,Los Angeles,555 ms
104.24.132.125,LAX,North America,Los Angeles,557 ms
104.25.146.30,LAX,North America,Los Angeles,557 ms
104.25.222.114,LAX,North America,Los Angeles,558 ms
104.27.47.157,LAX,North America,Los Angeles,560 ms
104.25.99.192,LAX,North America,Los Angeles,562 ms
104.24.22.240,LAX,North America,Los Angeles,562 ms
104.20.37.32,LAX,North America,Los Angeles,562 ms
104.25.143.10,LAX,North America,Los Angeles,563 ms
104.23.114.134,LAX,North America,Los Angeles,563 ms
104.24.189.158,LAX,North America,Los Angeles,564 ms
104.24.237.110,LAX,North America,Los Angeles,565 ms
104.19.90.171,LAX,North America,Los Angeles,565 ms
104.24.242.91,LAX,North America,Los Angeles,565 ms
104.27.93.120,LAX,North America,Los Angeles,566 ms
104.24.3.169,LAX,North America,Los Angeles,567 ms
104.24.45.242,LAX,North America,Los Angeles,567 ms
104.24.205.20,LAX,North America,Los Angeles,568 ms
104.20.58.24,LAX,North America,Los Angeles,569 ms
104.24.174.18,LAX,North America,Los Angeles,569 ms
104.24.221.104,LAX,North America,Los Angeles,569 ms
104.20.57.17,LAX,North America,Los Angeles,571 ms
104.19.93.98,LAX,North America,Los Angeles,574 ms
104.25.111.17,LAX,North America,Los Angeles,575 ms
104.23.106.254,LAX,North America,Los Angeles,575 ms
104.25.64.176,LAX,North America,Los Angeles,575 ms
104.24.148.80,LAX,North America,Los Angeles,576 ms
104.19.32.237,LAX,North America,Los Angeles,577 ms
104.27.121.185,LAX,North America,Los Angeles,579 ms
104.25.121.15,LAX,North America,Los Angeles,582 ms
104.24.215.16,LAX,North America,Los Angeles,583 ms
104.27.15.248,LAX,North America,Los Angeles,583 ms
104.25.239.144,LAX,North America,Los Angeles,583 ms
104.25.119.253,LAX,North America,Los Angeles,583 ms
104.25.115.20,LAX,North America,Los Angeles,584 ms
104.25.132.91,LAX,North America,Los Angeles,586 ms
104.25.137.210,LAX,North America,Los Angeles,588 ms
104.25.253.123,LAX,North America,Los Angeles,591 ms
104.24.74.31,LAX,North America,Los Angeles,592 ms
104.25.219.145,LAX,North America,Los Angeles,593 ms
104.19.56.35,LAX,North America,Los Angeles,594 ms
104.24.55.113,LAX,North America,Los Angeles,595 ms
104.20.13.210,LAX,North America,Los Angeles,595 ms
172.67.111.130,LAX,North America,Los Angeles,596 ms
104.25.156.168,LAX,North America,Los Angeles,597 ms
104.25.155.221,LAX,North America,Los Angeles,599 ms
104.24.229.129,LAX,North America,Los Angeles,599 ms
172.65.186.108,LAX,North America,Los Angeles,600 ms
104.24.73.37,LAX,North America,Los Angeles,601 ms
104.19.47.149,LAX,North America,Los Angeles,602 ms
104.27.70.206,LAX,North America,Los Angeles,603 ms
104.19.14.67,LAX,North America,Los Angeles,604 ms
104.19.55.158,LAX,North America,Los Angeles,604 ms
104.25.246.188,LAX,North America,Los Angeles,606 ms
104.25.76.35,LAX,North America,Los Angeles,608 ms
104.25.141.28,LAX,North America,Los Angeles,611 ms
172.67.85.100,LAX,North America,Los Angeles,611 ms
104.24.4.238,LAX,North America,Los Angeles,611 ms
172.67.93.164,LAX,North America,Los Angeles,611 ms
104.24.92.78,LAX,North America,Los Angeles,611 ms
104.24.71.174,LAX,North America,Los Angeles,612 ms
104.25.48.147,LAX,North America,Los Angeles,612 ms
104.23.126.217,LAX,North America,Los Angeles,613 ms
104.25.218.73,LAX,North America,Los Angeles,613 ms
104.25.130.225,LAX,North America,Los Angeles,614 ms
104.24.2.176,LAX,North America,Los Angeles,614 ms
104.24.62.30,LAX,North America,Los Angeles,615 ms
104.24.191.27,LAX,North America,Los Angeles,617 ms
104.19.108.159,LAX,North America,Los Angeles,617 ms
104.24.44.202,LAX,North America,Los Angeles,617 ms
104.25.116.82,LAX,North America,Los Angeles,617 ms
104.24.19.34,LAX,North America,Los Angeles,618 ms
104.24.187.61,LAX,North America,Los Angeles,618 ms
162.159.235.114,LAX,North America,Los Angeles,619 ms
104.27.1.60,LAX,North America,Los Angeles,619 ms
104.27.50.118,LAX,North America,Los Angeles,622 ms
104.25.27.204,LAX,North America,Los Angeles,623 ms
104.24.188.185,LAX,North America,Los Angeles,625 ms
104.20.2.13,LAX,North America,Los Angeles,628 ms
104.19.83.215,LAX,North America,Los Angeles,629 ms
104.25.182.77,LAX,North America,Los Angeles,629 ms
104.27.4.123,LAX,North America,Los Angeles,631 ms
104.19.87.150,LAX,North America,Los Angeles,633 ms
104.19.79.171,LAX,North America,Los Angeles,635 ms
104.25.242.103,LAX,North America,Los Angeles,636 ms
104.19.23.21,LAX,North America,Los Angeles,637 ms
104.24.88.107,LAX,North America,Los Angeles,637 ms
104.25.216.161,LAX,North America,Los Angeles,637 ms
104.19.127.235,LAX,North America,Los Angeles,639 ms
104.19.44.236,LAX,North America,Los Angeles,640 ms
104.19.35.5,LAX,North America,Los Angeles,643 ms
104.23.100.56,LAX,North America,Los Angeles,645 ms
104.20.48.187,LAX,North America,Los Angeles,645 ms
104.25.40.240,LAX,North America,Los Angeles,646 ms
104.20.63.9,LAX,North America,Los Angeles,646 ms
104.19.5.158,LAX,North America,Los Angeles,646 ms
104.19.22.238,LAX,North America,Los Angeles,647 ms
104.24.243.138,LAX,North America,Los Angeles,647 ms
104.19.48.169,LAX,North America,Los Angeles,649 ms
104.19.33.247,LAX,North America,Los Angeles,650 ms
104.19.105.234,LAX,North America,Los Angeles,651 ms
104.19.10.252,LAX,North America,Los Angeles,652 ms
104.24.198.167,LAX,North America,Los Angeles,652 ms
104.19.126.168,LAX,North America,Los Angeles,653 ms
104.19.101.236,LAX,North America,Los Angeles,654 ms
104.25.20.35,LAX,North America,Los Angeles,654 ms
104.19.91.28,LAX,North America,Los Angeles,655 ms
104.23.103.16,LAX,North America,Los Angeles,655 ms
172.65.90.2,SYD,Oceania,Sydney,656 ms
104.24.46.148,LAX,North America,Los Angeles,657 ms
104.24.163.20,LAX,North America,Los Angeles,660 ms
104.27.122.98,LAX,North America,Los Angeles,660 ms
104.24.141.124,LAX,North America,Los Angeles,660 ms
104.27.12.254,LAX,North America,Los Angeles,661 ms
104.27.30.245,LAX,North America,Los Angeles,661 ms
104.24.158.230,LAX,North America,Los Angeles,661 ms
104.25.85.152,LAX,North America,Los Angeles,662 ms
104.25.71.98,LAX,North America,Los Angeles,666 ms
104.19.28.131,LAX,North America,Los Angeles,667 ms
104.19.27.21,LAX,North America,Los Angeles,667 ms
104.25.180.177,LAX,North America,Los Angeles,670 ms
104.25.181.86,LAX,North America,Los Angeles,670 ms
104.27.108.44,LAX,North America,Los Angeles,671 ms
104.19.80.254,LAX,North America,Los Angeles,671 ms
104.25.57.133,LAX,North America,Los Angeles,672 ms
104.25.195.96,LAX,North America,Los Angeles,672 ms
104.25.173.10,LAX,North America,Los Angeles,672 ms
104.25.179.207,LAX,North America,Los Angeles,675 ms
104.24.218.156,LAX,North America,Los Angeles,676 ms
104.21.20.79,LAX,North America,Los Angeles,676 ms
104.24.38.125,LAX,North America,Los Angeles,678 ms
104.25.214.129,LAX,North America,Los Angeles,680 ms
104.19.100.170,LAX,North America,Los Angeles,681 ms
104.25.190.55,LAX,North America,Los Angeles,681 ms
104.25.36.139,LAX,North America,Los Angeles,681 ms
104.19.102.199,LAX,North America,Los Angeles,682 ms
104.25.84.66,LAX,North America,Los Angeles,682 ms
104.20.54.51,LAX,North America,Los Angeles,684 ms
104.27.42.103,LAX,North America,Los Angeles,685 ms
104.25.17.192,LAX,North America,Los Angeles,685 ms
104.27.8.32,LAX,North America,Los Angeles,685 ms
104.24.8.160,LAX,North America,Los Angeles,686 ms
104.27.36.118,LAX,North America,Los Angeles,686 ms
104.25.194.248,LAX,North America,Los Angeles,686 ms
104.25.191.201,LAX,North America,Los Angeles,687 ms
104.27.118.125,LAX,North America,Los Angeles,687 ms
104.19.21.177,LAX,North America,Los Angeles,687 ms
104.27.24.242,LAX,North America,Los Angeles,687 ms
104.27.21.62,LAX,North America,Los Angeles,687 ms
104.27.14.23,LAX,North America,Los Angeles,688 ms
104.27.11.198,LAX,North America,Los Angeles,688 ms
104.19.106.7,LAX,North America,Los Angeles,689 ms
104.25.89.214,LAX,North America,Los Angeles,689 ms
104.25.15.0,LAX,North America,Los Angeles,690 ms
104.19.63.242,LAX,North America,Los Angeles,692 ms
104.19.116.219,LAX,North America,Los Angeles,693 ms
104.24.186.71,LAX,North America,Los Angeles,693 ms
104.25.183.174,LAX,North America,Los Angeles,693 ms
104.19.66.102,LAX,North America,Los Angeles,694 ms
104.20.44.153,LAX,North America,Los Angeles,694 ms
104.27.43.195,LAX,North America,Los Angeles,695 ms
104.25.16.119,LAX,North America,Los Angeles,696 ms
104.25.174.232,LAX,North America,Los Angeles,696 ms
104.19.15.184,LAX,North America,Los Angeles,697 ms
104.25.67.71,LAX,North America,Los Angeles,698 ms
104.25.31.123,LAX,North America,Los Angeles,699 ms
104.25.240.51,LAX,North America,Los Angeles,699 ms
104.25.72.155,LAX,North America,Los Angeles,699 ms
104.19.2.107,LAX,North America,Los Angeles,700 ms
172.67.114.239,LAX,North America,Los Angeles,700 ms
104.25.80.122,LAX,North America,Los Angeles,702 ms
104.20.15.26,LAX,North America,Los Angeles,702 ms
104.25.162.29,LAX,North America,Los Angeles,704 ms
104.27.39.191,LAX,North America,Los Angeles,705 ms
104.24.130.14,LAX,North America,Los Angeles,706 ms
104.25.45.88,LAX,North America,Los Angeles,709 ms
104.25.109.62,LAX,North America,Los Angeles,710 ms
104.25.73.198,LAX,North America,Los Angeles,711 ms
104.27.71.124,LAX,North America,Los Angeles,711 ms
104.24.65.96,LAX,North America,Los Angeles,713 ms
104.19.67.173,LAX,North America,Los Angeles,713 ms
104.20.6.79,LAX,North America,Los Angeles,715 ms
104.27.111.122,LAX,North America,Los Angeles,716 ms
104.25.46.192,LAX,North America,Los Angeles,717 ms
104.24.84.118,LAX,North America,Los Angeles,717 ms
104.19.7.31,LAX,North America,Los Angeles,717 ms
104.24.143.246,LAX,North America,Los Angeles,717 ms
104.25.58.226,LAX,North America,Los Angeles,718 ms
104.25.170.116,LAX,North America,Los Angeles,718 ms
104.25.35.201,LAX,North America,Los Angeles,719 ms
104.19.82.172,LAX,North America,Los Angeles,721 ms
104.24.69.245,LAX,North America,Los Angeles,722 ms
104.25.101.205,LAX,North America,Los Angeles,722 ms
104.24.41.24,LAX,North America,Los Angeles,722 ms
104.27.79.173,LAX,North America,Los Angeles,722 ms
104.27.58.180,LAX,North America,Los Angeles,725 ms
104.24.252.48,LAX,North America,Los Angeles,725 ms
104.25.49.241,LAX,North America,Los Angeles,726 ms
104.24.14.116,LAX,North America,Los Angeles,727 ms
104.25.206.7,LAX,North America,Los Angeles,727 ms
104.23.124.39,LAX,North America,Los Angeles,729 ms
104.25.153.25,LAX,North America,Los Angeles,729 ms
104.25.142.1,LAX,North America,Los Angeles,731 ms
104.19.51.180,LAX,North America,Los Angeles,731 ms
104.24.1.96,LAX,North America,Los Angeles,733 ms
104.19.86.200,LAX,North America,Los Angeles,734 ms
104.25.160.212,LAX,North America,Los Angeles,734 ms
104.24.86.135,LAX,North America,Los Angeles,736 ms
104.24.223.128,LAX,North America,Los Angeles,736 ms
104.24.40.239,LAX,North America,Los Angeles,736 ms
104.27.94.176,LAX,North America,Los Angeles,736 ms
104.24.85.200,LAX,North America,Los Angeles,737 ms
104.27.103.101,LAX,North America,Los Angeles,737 ms
104.19.84.190,LAX,North America,Los Angeles,742 ms
104.25.77.163,LAX,North America,Los Angeles,742 ms
104.24.60.190,LAX,North America,Los Angeles,742 ms
104.27.114.243,LAX,North America,Los Angeles,743 ms
104.25.47.173,LAX,North America,Los Angeles,743 ms
104.25.148.35,LAX,North America,Los Angeles,749 ms
104.24.244.73,LAX,North America,Los Angeles,750 ms
104.27.80.4,LAX,North America,Los Angeles,751 ms
172.67.101.102,LAX,North America,Los Angeles,753 ms
104.24.76.140,LAX,North America,Los Angeles,753 ms
104.25.52.192,LAX,North America,Los Angeles,753 ms
104.24.245.0,LAX,North America,Los Angeles,753 ms
104.25.91.245,LAX,North America,Los Angeles,754 ms
172.67.117.118,LAX,North America,Los Angeles,754 ms
104.25.97.156,LAX,North America,Los Angeles,754 ms
104.25.138.64,LAX,North America,Los Angeles,754 ms
104.25.33.80,LAX,North America,Los Angeles,755 ms
104.19.69.122,LAX,North America,Los Angeles,756 ms
172.67.89.124,LAX,North America,Los Angeles,756 ms
104.25.228.175,LAX,North America,Los Angeles,756 ms
172.67.106.5,LAX,North America,Los Angeles,757 ms
104.25.122.17,LAX,North America,Los Angeles,758 ms
104.23.116.62,LAX,North America,Los Angeles,758 ms
104.25.128.47,LAX,North America,Los Angeles,759 ms
104.27.87.217,LAX,North America,Los Angeles,759 ms
104.25.125.50,LAX,North America,Los Angeles,760 ms
104.24.197.228,LAX,North America,Los Angeles,760 ms
104.19.125.179,LAX,North America,Los Angeles,760 ms
104.27.74.203,LAX,North America,Los Angeles,762 ms
104.27.100.163,LAX,North America,Los Angeles,763 ms
104.25.168.55,LAX,North America,Los Angeles,763 ms
104.19.98.240,LAX,North America,Los Angeles,763 ms
104.24.200.37,LAX,North America,Los Angeles,764 ms
104.27.46.72,LAX,North America,Los Angeles,765 ms
104.20.61.210,LAX,North America,Los Angeles,766 ms
104.19.121.35,LAX,North America,Los Angeles,766 ms
104.25.203.248,LAX,North America,Los Angeles,767 ms
172.67.123.231,LAX,North America,Los Angeles,767 ms
104.20.11.135,LAX,North America,Los Angeles,768 ms
172.67.116.126,LAX,North America,Los Angeles,769 ms
104.24.224.149,LAX,North America,Los Angeles,771 ms
104.24.82.50,LAX,North America,Los Angeles,773 ms
172.67.96.26,LAX,North America,Los Angeles,774 ms
104.24.251.38,LAX,North America,Los Angeles,776 ms
104.27.125.92,LAX,North America,Los Angeles,776 ms
104.25.63.29,LAX,North America,Los Angeles,777 ms
104.25.225.234,LAX,North America,Los Angeles,778 ms
104.24.178.39,LAX,North America,Los Angeles,779 ms
104.25.124.151,LAX,North America,Los Angeles,780 ms
104.24.13.108,LAX,North America,Los Angeles,780 ms
104.25.227.244,LAX,North America,Los Angeles,781 ms
104.20.41.33,LAX,North America,Los Angeles,781 ms
104.23.97.229,LAX,North America,Los Angeles,782 ms
104.27.126.67,LAX,North America,Los Angeles,782 ms
104.19.117.83,LAX,North America,Los Angeles,783 ms
104.24.207.126,LAX,North America,Los Angeles,783 ms
104.24.6.33,LAX,North America,Los Angeles,783 ms
104.19.81.18,LAX,North America,Los Angeles,784 ms
104.20.39.77,LAX,North America,Los Angeles,784 ms
104.27.67.52,LAX,North America,Los Angeles,785 ms
104.27.69.4,LAX,North America,Los Angeles,785 ms
104.19.64.6,LAX,North America,Los Angeles,789 ms
104.24.212.149,LAX,North America,Los Angeles,789 ms
104.27.0.5,LAX,North America,Los Angeles,789 ms
104.27.116.93,LAX,North America,Los Angeles,790 ms
104.27.28.90,LAX,North America,Los Angeles,791 ms
104.24.20.10,LAX,North America,Los Angeles,791 ms
172.67.103.103,LAX,North America,Los Angeles,791 ms
104.24.136.235,LAX,North America,Los Angeles,792 ms
104.19.109.172,LAX,North America,Los Angeles,793 ms
104.24.89.36,LAX,North America,Los Angeles,794 ms
172.67.86.234,LAX,North America,Los Angeles,794 ms
104.27.10.243,LAX,North America,Los Angeles,795 ms
104.20.33.167,LAX,North America,Los Angeles,795 ms
172.67.83.26,LAX,North America,Los Angeles,796 ms
172.67.104.238,LAX,North America,Los Angeles,796 ms
172.67.87.19,LAX,North America,Los Angeles,797 ms
172.67.127.122,LAX,North America,Los Angeles,798 ms
172.67.94.134,LAX,North America,Los Angeles,800 ms
104.20.12.118,LAX,North America,Los Angeles,802 ms
172.67.109.177,LAX,North America,Los Angeles,802 ms
104.19.71.63,LAX,North America,Los Angeles,804 ms
104.24.0.30,LAX,North America,Los Angeles,804 ms
104.25.23.26,LAX,North America,Los Angeles,805 ms
172.67.125.108,LAX,North America,Los Angeles,806 ms
172.67.80.247,LAX,North America,Los Angeles,806 ms
104.23.107.197,LAX,North America,Los Angeles,808 ms
104.23.109.236,LAX,North America,Los Angeles,808 ms
104.23.111.105,LAX,North America,Los Angeles,808 ms
104.23.112.29,LAX,North America,Los Angeles,808 ms
104.21.80.51,LAX,North America,Los Angeles,810 ms
172.67.81.23,LAX,North America,Los Angeles,811 ms
104.25.244.198,LAX,North America,Los Angeles,813 ms
104.24.147.202,LAX,North America,Los Angeles,814 ms
104.20.53.24,LAX,North America,Los Angeles,815 ms
104.25.26.80,LAX,North America,Los Angeles,816 ms
104.25.6.91,LAX,North America,Los Angeles,816 ms
104.24.47.228,LAX,North America,Los Angeles,817 ms
104.24.50.131,LAX,North America,Los Angeles,818 ms
104.24.182.35,LAX,North America,Los Angeles,818 ms
104.23.119.157,LAX,North America,Los Angeles,820 ms
104.24.67.134,LAX,North America,Los Angeles,821 ms
104.24.30.211,LAX,North America,Los Angeles,822 ms
104.24.167.248,LAX,North America,Los Angeles,823 ms
172.67.122.241,LAX,North America,Los Angeles,823 ms
104.25.226.210,LAX,North America,Los Angeles,826 ms
104.24.176.71,LAX,North America,Los Angeles,828 ms
172.67.224.51,LAX,North America,Los Angeles,829 ms
104.24.152.160,LAX,North America,Los Angeles,830 ms
104.27.9.197,LAX,North America,Los Angeles,834 ms
104.24.166.19,LAX,North America,Los Angeles,834 ms
104.24.48.81,LAX,North America,Los Angeles,837 ms
104.24.78.167,LAX,North America,Los Angeles,837 ms
104.24.160.98,LAX,North America,Los Angeles,838 ms
104.27.41.218,LAX,North America,Los Angeles,839 ms
104.19.107.2,LAX,North America,Los Angeles,843 ms
104.23.113.182,LAX,North America,Los Angeles,845 ms
172.67.147.21,LAX,North America,Los Angeles,846 ms
104.25.229.57,LAX,North America,Los Angeles,847 ms
104.27.119.144,LAX,North America,Los Angeles,852 ms
104.24.72.96,LAX,North America,Los Angeles,852 ms
104.24.173.191,LAX,North America,Los Angeles,853 ms
104.27.5.218,LAX,North America,Los Angeles,857 ms
104.25.11.132,LAX,North America,Los Angeles,859 ms
172.67.100.229,LAX,North America,Los Angeles,859 ms
104.25.13.143,LAX,North America,Los Angeles,860 ms
104.25.159.243,LAX,North America,Los Angeles,863 ms
104.27.117.227,LAX,North America,Los Angeles,866 ms
104.25.83.200,LAX,North America,Los Angeles,866 ms
104.25.231.193,LAX,North America,Los Angeles,867 ms
172.67.97.169,LAX,North America,Los Angeles,869 ms
172.67.115.53,LAX,North America,Los Angeles,869 ms
104.25.252.93,LAX,North America,Los Angeles,871 ms
172.67.84.65,LAX,North America,Los Angeles,871 ms
104.25.158.164,LAX,North America,Los Angeles,871 ms
104.25.144.31,LAX,North America,Los Angeles,873 ms
104.27.32.53,LAX,North America,Los Angeles,880 ms
104.25.102.116,LAX,North America,Los Angeles,882 ms
104.25.74.39,LAX,North America,Los Angeles,883 ms
104.24.56.95,LAX,North America,Los Angeles,887 ms
172.67.105.65,LAX,North America,Los Angeles,887 ms
104.27.2.63,LAX,North America,Los Angeles,888 ms
104.27.89.22,LAX,North America,Los Angeles,891 ms
104.27.99.121,LAX,North America,Los Angeles,892 ms
104.25.237.144,LAX,North America,Los Angeles,895 ms
104.27.75.64,LAX,North America,Los Angeles,896 ms
172.67.120.234,LAX,North America,Los Angeles,903 ms
104.27.95.177,LAX,North America,Los Angeles,904 ms
104.24.131.67,LAX,North America,Los Angeles,912 ms
104.21.86.250,LAX,North America,Los Angeles,918 ms
104.25.230.220,LAX,North America,Los Angeles,920 ms
104.21.96.166,LAX,North America,Los Angeles,926 ms
104.23.130.156,LAX,North America,Los Angeles,927 ms
172.67.191.31,LAX,North America,Los Angeles,931 ms
104.21.52.135,LAX,North America,Los Angeles,933 ms
104.21.78.223,LAX,North America,Los Angeles,934 ms
172.67.213.29,LAX,North America,Los Angeles,935 ms
172.67.218.173,LAX,North America,Los Angeles,935 ms
104.21.102.208,LAX,North America,Los Angeles,936 ms
104.21.103.103,LAX,North America,Los Angeles,936 ms
104.21.50.69,LAX,North America,Los Angeles,938 ms
172.67.161.84,LAX,North America,Los Angeles,940 ms
104.23.139.96,LAX,North America,Los Angeles,940 ms
104.21.220.51,LAX,North America,Los Angeles,940 ms
172.67.208.117,LAX,North America,Los Angeles,940 ms
104.23.137.12,LAX,North America,Los Angeles,944 ms
104.27.197.119,LAX,North America,Los Angeles,945 ms
104.27.192.242,LAX,North America,Los Angeles,945 ms
172.67.246.186,LAX,North America,Los Angeles,946 ms
104.21.214.95,LAX,North America,Los Angeles,947 ms
172.67.173.162,LAX,North America,Los Angeles,948 ms
104.27.194.199,LAX,North America,Los Angeles,948 ms
172.67.185.32,LAX,North America,Los Angeles,948 ms
104.27.195.34,LAX,North America,Los Angeles,949 ms
172.67.210.68,LAX,North America,Los Angeles,950 ms
104.21.112.173,LAX,North America,Los Angeles,952 ms
172.67.235.232,LAX,North America,Los Angeles,953 ms
172.67.180.206,LAX,North America,Los Angeles,954 ms
104.19.140.166,LAX,North America,Los Angeles,955 ms
104.21.62.148,LAX,North America,Los Angeles,956 ms
172.67.131.86,LAX,North America,Los Angeles,956 ms
172.67.236.84,LAX,North America,Los Angeles,956 ms
172.67.198.214,LAX,North America,Los Angeles,959 ms
172.67.188.245,LAX,North America,Los Angeles,959 ms
172.67.132.125,LAX,North America,Los Angeles,961 ms
104.27.199.188,LAX,North America,Los Angeles,962 ms
104.23.142.221,LAX,North America,Los Angeles,977 ms
172.67.90.121,LAX,North America,Los Angeles,982 ms
104.19.110.249,LAX,North America,Los Angeles,985 ms
104.19.73.224,LAX,North America,Los Angeles,986 ms
104.19.49.110,LAX,North America,Los Angeles,990 ms
104.19.50.53,LAX,North America,Los Angeles,1000 ms
104.24.227.192,LAX,North America,Los Angeles,1001 ms
